0;#;FORM;LEMMA;GRAM;COMMENT;CHECKED;CONTEXT;RIGHT1;RIGHT2;RIGHT3;RIGHT4;RIGHT5;RIGHT6;POS;AUTO_LEMMA;AUTO_GRAM;
26411;;В;В;PR;;;_В_ общем , на;в;;;;;;PR;В;PR;В
26412;;общем;ОБЩИЙ;A - loc sg plen m -;;;В _общем_ , на днях;м;е;щ;б;о;;A;ОБЩИЙ;A - loc sg plen m -;Й
26413;;,;,;PUNCT;;;;;;;;;;PUNCT;;;
26414;;на;НА;PR;;;В общем , _на_ днях профессор бесследно;а;н;;;;;PR;НА;PR;А
26415;;днях;ДЕНЬ;S m inan loc pl;;;общем , на _днях_ профессор бесследно исчез;х;я;н;д;;;S;ДЕНЬ;S m inan loc pl;Ь
26416;;профессор;ПРОФЕССОР;S m anim nom sg;;;, на днях _профессор_ бесследно исчез ,;р;о;с;с;е;ф;S;ПРОФЕССОР;S m anim nom sg;Р
26417;;бесследно;БЕССЛЕДНО;ADV -;;;на днях профессор _бесследно_ исчез , и;о;н;д;е;л;с;ADV;БЕССЛЕДНО;ADV -;О
26418;;исчез;ИСЧЕЗНУТЬ;V pf praet sg indic m -;;;днях профессор бесследно _исчез_ , и нашей;з;е;ч;с;и;;V;ИСЧЕЗНУТЬ;V pf praet sg indic m -;Ь
26419;;,;,;PUNCT;;;;;;;;;;PUNCT;;;
26420;;и;И;CONJ;;;бесследно исчез , _и_ нашей команде необходимо;и;;;;;;CONJ;И;CONJ;И
26421;;нашей;НАШ;APRO - dat sg plen f -;;;исчез , и _нашей_ команде необходимо было;й;е;ш;а;н;;APRO;НАШ;A - gen sg plen f -;Ш
26422;;команде;КОМАНДА;S f inan dat sg;;;, и нашей _команде_ необходимо было понять;е;д;н;а;м;о;S;КОМАНДА;S f inan dat sg;А
26423;;необходимо;НЕОБХОДИМО;PRAEDIC;;;и нашей команде _необходимо_ было понять ,;о;м;и;д;о;х;ADV;НЕОБХОДИМО;ADV -;О
26424;;было;БЫТЬ;V ipf praet sg indic n -;;;нашей команде необходимо _было_ понять , что;о;л;ы;б;;;V;БЫТЬ;V ipf praet sg indic n -;Ь
26425;;понять;ПОНЯТЬ;V pf - - inf - -;;;команде необходимо было _понять_ , что случилось;ь;т;я;н;о;п;V;ПОНЯТЬ;V pf - - inf - -;Ь
26426;;,;,;PUNCT;;;;;;;;;;PUNCT;;;
26427;;что;ЧТО;SPRO - - - nom;;;было понять , _что_ случилось с Робертом;о;т;ч;;;;CONJ;ЧТО;CONJ;О
26428;;случилось;СЛУЧИТЬСЯ;V pf praet sg indic n -;;;понять , что _случилось_ с Робертом Лэнгдом;ь;с;о;л;и;ч;V;СЛУЧИТЬСЯ;V pf praet sg indic n -;Я
26429;;с;С;PR;;;, что случилось _с_ Робертом Лэнгдом и;с;;;;;;PR;С;PR;С
26430;;Робертом;РОБЕРТ;S persn m anim ins sg;;;что случилось с _Робертом_ Лэнгдом и есть;м;о;т;р;е;б;S;РОБЕРТ;S m anim ins sg;Т
26431;;Лэнгдом;ЛЭНГД;S famn m anim ins sg;;;случилось с Робертом _Лэнгдом_ и есть ли;м;о;д;г;н;э;S;ЛЭНГД;S m anim ins sg;Д
26432;;и;И;CONJ;;;с Робертом Лэнгдом _и_ есть ли шанс;и;;;;;;CONJ;И;CONJ;И
26433;;есть;БЫТЬ;V ipf praes - indic - -;;;Робертом Лэнгдом и _есть_ ли шанс его;ь;т;с;е;;;V;БЫТЬ;V ipf praes sg indic - 3p;Ь
26434;;ли;ЛИ;PART;;;Лэнгдом и есть _ли_ шанс его найти;и;л;;;;;PART;ЛИ;PART;И
26435;;шанс;ШАНС;S m inan nom sg;;;и есть ли _шанс_ его найти .;с;н;а;ш;;;S;ШАНС;S m inan nom sg;С
26436;;его;ОН;SPRO sg 3p m acc;;;есть ли шанс _его_ найти .;о;г;е;;;;SPRO;ЕГО;A - nonflex - plen - -;Н
26437;;найти;НАЙТИ;V pf - - inf - -;;;ли шанс его _найти_ .;и;т;й;а;н;;V;НАЙТИ;V pf - - inf - -;И
26438;;.;.;PUNCT;;;;;;;;;;PUNCT;;;
26439;;;;;;;;;;;;;;;;;
26440;# sent = 1964;;;;;;;;;;;;;;;;
26441;# speaker = Надя;;;;;;;;;;;;;;;;
26442;# sent = 1965;;;;;;;;;;;;;;;;
26443;;В;В;PR;;;_В_ общем , нас;в;;;;;;PR;В;PR;В
26444;;общем;ОБЩИЙ;A - loc sg plen m -;;;В _общем_ , нас всех;м;е;щ;б;о;;A;ОБЩИЙ;A - loc sg plen m -;Й
26445;;,;,;PUNCT;;;;;;;;;;PUNCT;;;
26446;;нас;МЫ;SPRO pl 1p - acc;;;В общем , _нас_ всех запускает ,;с;а;н;;;;SPRO;МЫ;SPRO pl 1p - loc;Ы
26447;;всех;ВСЕ;S - - acc pl;;;общем , нас _всех_ запускает , аа;х;е;с;в;;;S;ВСЕ;S - - loc pl;Е
26448;;запускает;ЗАПУСКАТЬ;V ipf praes sg indic - 3p;;;, нас всех _запускает_ , аа ,;т;е;а;к;с;у;V;ЗАПУСКАТЬ;V ipf praes sg indic - 3p;Ь
26449;;,;,;PUNCT;;;;;;;;;;PUNCT;;;
26450;;аа;АА;NONLEX;;;всех запускает , _аа_ , сначала в;а;а;;;;;INTJ;АА;NONLEX;А
26451;;,;,;PUNCT;;;;;;;;;;PUNCT;;;
26452;;сначала;СНАЧАЛА;ADV -;;;, аа , _сначала_ в приёмную …;а;л;а;ч;а;н;ADV;СНАЧАЛА;ADV -;А
26453;;в;В;PR;;;аа , сначала _в_ приёмную … аа;в;;;;;;PR;В;PR;В
26454;;приёмную;ПРИЕМНАЯ;S f inan sg acc;;;, сначала в _приёмную_ … аа …;ю;у;н;м;ё;и;A;ПРИЕМНЫЙ;A - acc sg plen f -;Й
26455;;…;…;PUNCT;;;;;;;;;;PUNCT;;;
26456;;аа;АА;NONLEX;;;в приёмную … _аа_ … при …;а;а;;;;;INTJ;АА;NONLEX;А
26457;;…;…;PUNCT;;;;;;;;;;PUNCT;;;
26458;;при;ПРИ;NONLEX;Слитно;;… аа … _при_ … секретарь Лэнгдона;и;р;п;;;;PR;ПРИ;PR;И
26459;;…;…;PUNCT;;;;;;;;;;PUNCT;;;
26460;;секретарь;СЕКРЕТАРЬ;S m anim nom sg;;;… при … _секретарь_ Лэнгдона .;ь;р;а;т;е;р;S;СЕКРЕТАРЬ;S m anim nom sg;Ь
26461;;Лэнгдона;ЛЭНГДОН;S famn m anim gen sg;;;при … секретарь _Лэнгдона_ .;а;н;о;д;г;н;S;ЛЭНГДОН;S m anim nom sg;Н
26462;;.;.;PUNCT;;;;;;;;;;PUNCT;;;
26463;;;;;;;;;;;;;;;;;
26464;# sent = 1966;;;;;;;;;;;;;;;;
26465;;Там;ТАМ;ADV -;;;. _Там_ , естественно ,;м;а;т;;;;ADV;ТАМ;ADV -;М
26466;;,;,;PUNCT;;;;;;;;;;PUNCT;;;
26467;;естественно;ЕСТЕСТВЕННО;PARENTH;;;Там , _естественно_ , пусто ,;о;н;н;е;в;т;ADV;ЕСТЕСТВЕННО;ADV -;О
26468;;,;,;PUNCT;;;;;;;;;;PUNCT;;;
26469;;пусто;ПУСТО;ADV -;;;, естественно , _пусто_ , есть только;о;т;с;у;п;;ADV;ПУСТО;ADV -;О
26470;;,;,;PUNCT;;;;;;;;;;PUNCT;;;
26471;;есть;БЫТЬ;V ipf praes - indic --;;;, пусто , _есть_ только антураж ,;ь;т;с;е;;;V;БЫТЬ;V ipf praes sg indic - 3p;Ь
26472;;только;ТОЛЬКО;PART;;;пусто , есть _только_ антураж , мебель;о;к;ь;л;о;т;PART;ТОЛЬКО;PART;О
26473;;антураж;АНТУРАЖ;S m inan nom sg;;;, есть только _антураж_ , мебель ,;ж;а;р;у;т;н;S;АНТУРАЖ;S m inan nom sg;Ж
26474;;,;,;PUNCT;;;;;;;;;;PUNCT;;;
26475;;мебель;МЕБЕЛЬ;S f inan nom sg;;;только антураж , _мебель_ , и там;ь;л;е;б;е;м;S;МЕБЕЛЬ;S f inan nom sg;Ь
26476;;,;,;PUNCT;;;;;;;;;;PUNCT;;;
26477;;и;И;CONJ;;;, мебель , _и_ там иногда автоответчик;и;;;;;;CONJ;И;CONJ;И
26478;;там;ТАМ;ADV -;;;мебель , и _там_ иногда автоответчик говорит;м;а;т;;;;ADV;ТАМ;ADV -;М
26479;;иногда;ИНОГДА;ADV -;;;, и там _иногда_ автоответчик говорит какие-то;а;д;г;о;н;и;ADV;ИНОГДА;ADV -;А
26480;;автоответчик;АВТООТВЕТЧИК;S m inan nom sg;;;и там иногда _автоответчик_ говорит какие-то ненужные;к;и;ч;т;е;в;S;АВТООТВЕТЧИК;S m inan acc sg;К
26481;;говорит;ГОВОРИТЬ;V ipf praes sg indic - 3p;;;там иногда автоответчик _говорит_ какие-то ненужные ,;т;и;р;о;в;о;V;ГОВОРИТЬ;V ipf praes sg indic - 3p;Ь
26482;;какие-то;КАКОЙ-ТО;APRO - nom pl plen - -;;;иногда автоответчик говорит _какие-то_ ненужные , как;о;т;-;е;и;к;APRO;КАКОЙ-ТО;A - nom pl plen - -;О
26483;;ненужные;НЕНУЖНЫЙ;A - nom pl plen - -;;;автоответчик говорит какие-то _ненужные_ , как нам;е;ы;н;ж;у;н;A;НЕНУЖНЫЙ;A - nom pl plen - -;Й
26484;;,;,;PUNCT;;;;;;;;;;PUNCT;;;
26485;;как;КАК;CONJ;;;какие-то ненужные , _как_ нам казалось ,;к;а;к;;;;CONJ;КАК;CONJ;К
26486;;нам;МЫ;SPRO pl 1p - dat;;;ненужные , как _нам_ казалось , вещи;м;а;н;;;;SPRO;МЫ;SPRO pl 1p - dat;Ы
26487;;казалось;КАЗАТЬСЯ;V ipf praet sg indic n -;;;, как нам _казалось_ , вещи .;ь;с;о;л;а;з;V;КАЗАТЬСЯ;V ipf praet sg indic n -;Я
26488;;,;,;PUNCT;;;;;;;;;;PUNCT;;;
26489;;вещи;ВЕЩЬ;S f inan acc pl;;;нам казалось , _вещи_ .;и;щ;е;в;;;S;ВЕЩЬ;S f inan nom pl;Ь
26490;;.;.;PUNCT;;;;;;;;;;PUNCT;;;
26491;;;;;;;;;;;;;;;;;
26492;# sent = 1967;;;;;;;;;;;;;;;;
26493;;Потом;ПОТОМ;ADV -;;;. _Потом_ оказалось , что;м;о;т;о;п;;ADV;ПОТОМ;ADV -;М
26494;;оказалось;ОКАЗАТЬСЯ;V pf praet sg indic n -;;;Потом _оказалось_ , что этот;ь;с;о;л;а;з;V;ОКАЗАТЬСЯ;V pf praet sg indic n -;Я
26495;;,;,;PUNCT;;;;;;;;;;PUNCT;;;
26496;;что;ЧТО;CONJ;;;Потом оказалось , _что_ этот автоответчик всё-таки;о;т;ч;;;;CONJ;ЧТО;CONJ;О
26497;;этот;ЭТОТ;APRO - nom sg plen m -;;;оказалось , что _этот_ автоответчик всё-таки даёт;т;о;т;э;;;APRO;ЭТОТ;A - nom sg plen m -;Т
26498;;автоответчик;АВТООТВЕТЧИК;S m inan nom sg;;;, что этот _автоответчик_ всё-таки даёт какие-то;к;и;ч;т;е;в;S;АВТООТВЕТЧИК;S m inan nom sg;К
26499;;всё-таки;ВСЕ-ТАКИ;PART;;;что этот автоответчик _всё-таки_ даёт какие-то подсказки;и;к;а;т;-;ё;PART;ВСЕ-ТАКИ;PART;И
26500;;даёт;ДАВАТЬ;V ipf praes sg indic - 3p;;;этот автоответчик всё-таки _даёт_ какие-то подсказки ,;т;ё;а;д;;;V;ДАВАТЬ;V ipf praes sg indic - 3p;Ь
26501;;какие-то;КАКОЙ-ТО;APRO - nom pl plen - -;;;автоответчик всё-таки даёт _какие-то_ подсказки , но;о;т;-;е;и;к;APRO;КАКОЙ-ТО;A - nom pl plen - -;О
26502;;подсказки;ПОДСКАЗКА;S f inan acc pl;;;всё-таки даёт какие-то _подсказки_ , но к;и;к;з;а;к;с;S;ПОДСКАЗКА;S f inan nom pl;А
26503;;,;,;PUNCT;;;;;;;;;;PUNCT;;;
26504;;но;НО;CONJ;;;какие-то подсказки , _но_ к ним не;о;н;;;;;CONJ;НО;CONJ;О
26505;;к;К;PR;;;подсказки , но _к_ ним не сразу;к;;;;;;PR;К;PR;К
26506;;ним;ОНИ;SPRO pl - - dat;;;, но к _ним_ не сразу прислушиваешься;м;и;н;;;;SPRO;ОНИ;SPRO pl - - dat;И
26507;;не;НЕ;PART;;;но к ним _не_ сразу прислушиваешься .;е;н;;;;;PART;НЕ;PART;Е
26508;;сразу;СРАЗУ;ADV -;;;к ним не _сразу_ прислушиваешься .;у;з;а;р;с;;ADV;СРАЗУ;ADV -;У
26509;;прислушиваешься;ПРИСЛУШИВАТЬСЯ;V ipf praes sg indic - 2p;;;ним не сразу _прислушиваешься_ .;я;с;ь;ш;е;а;V;ПРИСЛУШИВАТЬСЯ;V ipf praes sg indic - 2p;Я
26510;;.;.;PUNCT;;;;;;;;;;PUNCT;;;
26511;;;;;;;;;;;;;;;;;
26512;# sent = 1968;;;;;;;;;;;;;;;;
26513;;В;В;PR;;;. _В_ общем , как;в;;;;;;PR;В;PR;В
26514;;общем;ОБЩИЙ;A - loc sg plen m -;;;В _общем_ , как оказалось;м;е;щ;б;о;;A;ОБЩИЙ;A - loc sg plen m -;Й
26515;;,;,;PUNCT;;;;;;;;;;PUNCT;;;
26516;;как;КАК;CONJ;;;В общем , _как_ оказалось , ну;к;а;к;;;;CONJ;КАК;CONJ;К
26517;;оказалось;ОКАЗАТЬСЯ;V pf praet sg indic n -;;;общем , как _оказалось_ , ну ,;ь;с;о;л;а;з;V;ОКАЗАТЬСЯ;V pf praet sg indic n -;Я
26518;;,;,;PUNCT;;;;;;;;;;PUNCT;;;
26519;;ну;НУ;PART;;;как оказалось , _ну_ , мы начали;у;н;;;;;PART;НУ;PART;У
26520;;,;,;PUNCT;;;;;;;;;;PUNCT;;;
26521;;мы;МЫ;SPRO pl 1p - nom;;;, ну , _мы_ начали от безысходности;ы;м;;;;;SPRO;МЫ;SPRO pl 1p - nom;Ы
26522;;начали;НАЧАТЬ;V pf praet pl indic - -;;;ну , мы _начали_ от безысходности ,;и;л;а;ч;а;н;V;НАЧАТЬ;V pf praet pl indic - -;Ь
26523;;от;ОТ;PR;;;, мы начали _от_ безысходности , потому что;т;о;;;;;PR;ОТ;PR;Т
26524;;безысходности;БЕЗЫСХОДНОСТЬ;S f inan gen sg;;;мы начали от _безысходности_ , потому что ты;и;т;с;о;н;д;S;БЕЗЫСХОДНОСТЬ;S f inan gen sg;Ь
26525;;,;,;PUNCT;;;;;;;;;;PUNCT;;;
26526;;потому что;потому что;CONJ;;;от безысходности , _потому что_ ты не понимаешь;о;т;ч;;у;м;CONJ;потому что;CONJ;о
26527;;ты;ТЫ;SPRO sg 2p - nom;;;безысходности , потому что _ты_ не понимаешь ,;ы;т;;;;;SPRO;ТЫ;SPRO sg 2p - nom;Ы
26528;;не;НЕ;PART;;;, потому что ты _не_ понимаешь , что;е;н;;;;;PART;НЕ;PART;Е
26529;;понимаешь;ПОНИМАТЬ;V ipf praes sg indic - 2p;;;потому что ты не _понимаешь_ , что нужно;ь;ш;е;а;м;и;V;ПОНИМАТЬ;V ipf praes sg indic - 2p;Ь
26530;;,;,;PUNCT;;;;;;;;;;PUNCT;;;
26531;;что;ЧТО;CONJ;;;не понимаешь , _что_ нужно делать ,;о;т;ч;;;;CONJ;ЧТО;CONJ;О
26532;;нужно;НУЖНО;PRAEDIC;;;понимаешь , что _нужно_ делать , аа;о;н;ж;у;н;;PRAEDIC;НУЖНО;ADV -;О
26533;;делать;ДЕЛАТЬ;V ipf - - inf - -;;;, что нужно _делать_ , аа ,;ь;т;а;л;е;д;V;ДЕЛАТЬ;V ipf - - inf - -;Ь
26534;;,;,;PUNCT;;;;;;;;;;PUNCT;;;
26535;;аа;АА;NONLEX;;;нужно делать , _аа_ , искать что-то;а;а;;;;;INTJ;АА;NONLEX;А
26536;;,;,;PUNCT;;;;;;;;;;PUNCT;;;
26537;;искать;ИСКАТЬ;V ipf - - inf - -;;;, аа , _искать_ что-то , рыскать;ь;т;а;к;с;и;V;ИСКАТЬ;V ipf - - inf - -;Ь
26538;;что-то;ЧТО-ТО;SPRO n inan acc sg;;;аа , искать _что-то_ , рыскать по;о;т;-;о;т;ч;SPRO;ЧТО-ТО;S n - acc sg;О
26539;;,;,;PUNCT;;;;;;;;;;PUNCT;;;
26540;;рыскать;РЫСКАТЬ;V ipf - - inf - -;;;искать что-то , _рыскать_ по вещам ,;ь;т;а;к;с;ы;V;РЫСКАТЬ;V ipf - - inf - -;Ь
26541;;по;ПО;PR;;;что-то , рыскать _по_ вещам , по;о;п;;;;;PR;ПО;PR;О
26542;;вещам;ВЕЩЬ;S f inan dat pl;;;, рыскать по _вещам_ , по шкафам;м;а;щ;е;в;;S;ВЕЩЬ;S f inan dat pl;Ь
26543;;,;,;PUNCT;;;;;;;;;;PUNCT;;;
26544;;по;ПО;PR;;;по вещам , _по_ шкафам , по;о;п;;;;;PR;ПО;PR;О
26545;;шкафам;ШКАФ;S m inan dat pl;;;вещам , по _шкафам_ , по сумочкам;м;а;ф;а;к;ш;S;ШКАФ;S m inan dat pl;Ф
26546;;,;,;PUNCT;;;;;;;;;;PUNCT;;;
26547;;по;ПО;PR;;;по шкафам , _по_ сумочкам , по;о;п;;;;;PR;ПО;PR;О
26548;;сумочкам;СУМОЧКА;S f inan dat pl;;;шкафам , по _сумочкам_ , по халатам;м;а;к;ч;о;м;S;СУМОЧКА;S f inan dat pl;А
26549;;,;,;PUNCT;;;;;;;;;;PUNCT;;;
26550;;по;ПО;PR;;;по сумочкам , _по_ халатам ,;о;п;;;;;PR;ПО;PR;О
26551;;халатам;ХАЛАТ;S m inan dat pl;;;сумочкам , по _халатам_ , усмехается;м;а;т;а;л;а;S;ХАЛАТ;S m inan dat pl;Т
26552;;,;,;PUNCT;;;;;;;;;;PUNCT;;;
26553;"<span class=""note"">";;;;;;;;;;;;;;;;
26554;<note>;усмехается;;;;;;;;;;;;;;;
26555;</span>;;;;;;;;;;;;;;;;
26556;;и;И;CONJ;;;усмехается _и_ в итоге мы;и;;;;;;CONJ;И;CONJ;И
26557;;в;В;PR;;;усмехается и _в_ итоге мы нашли;в;;;;;;PR;В;PR;В
26558;;итоге;ИТОГ;S m inan loc sg;;;и в _итоге_ мы нашли ключ;е;г;о;т;и;;S;ИТОГ;S m inan loc sg;Г
26559;;мы;МЫ;SPRO pl 1p - nom;;;и в итоге _мы_ нашли ключ !;ы;м;;;;;SPRO;МЫ;SPRO pl 1p - nom;Ы
26560;;нашли;НАЙТИ;V pf - pl indic - -;;;в итоге мы _нашли_ ключ !;и;л;ш;а;н;;V;НАСЛАТЬ;V pf - sg imper - 2p;Ь
26561;;ключ;КЛЮЧ;S m inan acc sg;;;итоге мы нашли _ключ_ !;ч;ю;л;к;;;S;КЛЮЧ;S m inan acc sg;Ч
26562;;!;!;PUNCT;;;;;;;;;;PUNCT;;;
26563;;;;;;;;;;;;;;;;;
26564;# sent = 1969;;;;;;;;;;;;;;;;
26565;;Ключ;КЛЮЧ;S m inan nom sg;;;! _Ключ_ открывает дверь в;ч;ю;л;к;;;S;КЛЮЧ;S m inan nom sg;Ч
26566;;открывает;ОТКРЫВАТЬ;V ipf praes sg indic - 3p;;;Ключ _открывает_ дверь в кабинет;т;е;а;в;ы;р;V;ОТКРЫВАТЬ;V ipf praes sg indic - 3p;Ь
26567;;дверь;ДВЕРЬ;S f inan acc sg;;;Ключ открывает _дверь_ в кабинет самого;ь;р;е;в;д;;S;ДВЕРЬ;S f inan acc sg;Ь
26568;;в;В;PR;;;Ключ открывает дверь _в_ кабинет самого профессора;в;;;;;;PR;В;PR;В
26569;;кабинет;КАБИНЕТ;S m inan acc sg;;;открывает дверь в _кабинет_ самого профессора ,;т;е;н;и;б;а;S;КАБИНЕТ;S m inan acc sg;Т
26570;;самого;САМ;A - gen sg m -;;;дверь в кабинет _самого_ профессора , ааа;о;г;о;м;а;с;A;САМЫЙ;A - gen sg plen m -;Й
26571;;профессора;ПРОФЕССОР;S m anim gen sg;;;в кабинет самого _профессора_ , ааа ,;а;р;о;с;с;е;S;ПРОФЕССОР;S m anim gen sg;Р
26572;;,;,;PUNCT;;;;;;;;;;PUNCT;;;
26573;;ааа;ААА;NONLEX;;;самого профессора , _ааа_ , ты открываешь;а;а;а;;;;INTJ;ААА;S m inan nonflex -;А
26574;;,;,;PUNCT;;;;;;;;;;PUNCT;;;
26575;;ты;ТЫ;SPRO sg 2p - nom;;;, ааа , _ты_ открываешь дверь ,;ы;т;;;;;SPRO;ТЫ;SPRO sg 2p - nom;Ы
26576;;открываешь;ОТКРЫВАТЬ;V ipf praes sg indic - 2p;;;ааа , ты _открываешь_ дверь , заходит;ь;ш;е;а;в;ы;V;ОТКРЫВАТЬ;V ipf praes sg indic - 2p;Ь
26577;;дверь;ДВЕРЬ;S f inan acc sg;;;, ты открываешь _дверь_ , заходит вся;ь;р;е;в;д;;S;ДВЕРЬ;S f inan acc sg;Ь
26578;;,;,;PUNCT;;;;;;;;;;PUNCT;;;
26579;;заходит;ЗАХОДИТЬ;V ipf praes sg indic - 3p;;;открываешь дверь , _заходит_ вся команда ,;т;и;д;о;х;а;V;ЗАХОДИТЬ;V ipf praes sg indic - 3p;Ь
26580;;вся;ВЕСЬ;APRO - nom sg plen f -;;;дверь , заходит _вся_ команда , и;я;с;в;;;;APRO;ВЕСЬ;A - nom sg plen f -;Ь
26581;;команда;КОМАНДА;S f inan nom sg;;;, заходит вся _команда_ , и там;а;д;н;а;м;о;S;КОМАНДА;S f inan nom sg;А
26582;;,;,;PUNCT;;;;;;;;;;PUNCT;;;
26583;;и;И;CONJ;;;вся команда , _и_ там стоит сейф;и;;;;;;CONJ;И;CONJ;И
26584;;там;ТАМ;ADV -;;;команда , и _там_ стоит сейф ,;м;а;т;;;;ADV;ТАМ;ADV -;М
26585;;стоит;СТОЯТЬ;V ipf praes sg indic - 3p;;;, и там _стоит_ сейф , скелеты;т;и;о;т;с;;V;СТОЯТЬ;V ipf praes sg indic - 3p;Ь
26586;;сейф;СЕЙФ;S m inan nom sg;;;и там стоит _сейф_ , скелеты ,;ф;й;е;с;;;S;СЕЙФ;S m inan acc sg;Ф
26587;;,;,;PUNCT;;;;;;;;;;PUNCT;;;
26588;;скелеты;СКЕЛЕТ;S m inan nom pl;;;стоит сейф , _скелеты_ , всякие исследования;ы;т;е;л;е;к;S;СКЕЛЕТ;S m inan nom pl;Т
26589;;,;,;PUNCT;;;;;;;;;;PUNCT;;;
26590;;всякие;ВСЯКИЙ;A - nom pl plen - -;;;, скелеты , _всякие_ исследования , кабинет;е;и;к;я;с;в;A;ВСЯКИЙ;A - nom pl plen - -;Й
26591;;исследования;ИССЛЕДОВАНИЕ;S n inan nom pl;;;скелеты , всякие _исследования_ , кабинет профессора;я;и;н;а;в;о;S;ИССЛЕДОВАНИЕ;S n inan nom pl;Е
26592;;,;,;PUNCT;;;;;;;;;;PUNCT;;;
26593;;кабинет;КАБИНЕТ;S m inan nom sg;;;всякие исследования , _кабинет_ профессора , в;т;е;н;и;б;а;S;КАБИНЕТ;S m inan nom sg;Т
26594;;профессора;ПРОФЕССОР;S m anim gen sg;;;исследования , кабинет _профессора_ , в общем;а;р;о;с;с;е;S;ПРОФЕССОР;S m anim gen sg;Р
26595;;,;,;PUNCT;;;;;;;;;;PUNCT;;;
26596;;в;В;PR;;;кабинет профессора , _в_ общем .;в;;;;;;PR;В;PR;В
26597;;общем;ОБЩИЙ;A - loc sg plen m -;;;профессора , в _общем_ .;м;е;щ;б;о;;A;ОБЩИЙ;A - loc sg plen m -;Й
26598;;.;.;PUNCT;;;;;;;;;;PUNCT;;;
26599;;;;;;;;;;;;;;;;;
26600;# sent = 1970;;;;;;;;;;;;;;;;
26601;;На;НА;PR;;;. _На_ столе у профессора;а;н;;;;;PR;НА;PR;А
26602;;столе;СТОЛ;S m inan loc2 sg;;;На _столе_ у профессора ,;е;л;о;т;с;;S;СТОЛ;S m inan loc sg;Л
26603;;у;У;PR;;;На столе _у_ профессора , ммм;у;;;;;;PR;У;PR;У
26604;;профессора;ПРОФЕССОР;S m anim gen sg;;;На столе у _профессора_ , ммм ,;а;р;о;с;с;е;S;ПРОФЕССОР;S m anim gen sg;Р
26605;;,;,;PUNCT;;;;;;;;;;PUNCT;;;
26606;;ммм;МММ;NONLEX;;;у профессора , _ммм_ , досье всех;м;м;м;;;;S;МММ;S n inan loc sg;М
26607;;,;,;PUNCT;;;;;;;;;;PUNCT;;;
26608;;досье;ДОСЬЕ;S n inan nom sg;;;, ммм , _досье_ всех этих убийц;е;ь;с;о;д;;S;ДОСЬЕ;S n inan nonflex -;Е
26609;;всех;ВЕСЬ;APRO - gen pl plen - -;;;ммм , досье _всех_ этих убийц ,;х;е;с;в;;;APRO;ВЕСЬ;A - gen pl plen - -;Ь
26610;;этих;ЭТОТ;APRO - gen pl plen - -;;;, досье всех _этих_ убийц , это;х;и;т;э;;;APRO;ЭТОТ;A - gen pl plen - -;Т
26611;;убийц;УБИЙЦА;S m-f anim gen pl;;;досье всех этих _убийц_ , это всё;ц;й;и;б;у;;S;УБИЙЦА;S - anim gen pl;А
26612;;,;,;PUNCT;;;;;;;;;;PUNCT;;;
26613;;это;ЭТО;SPRO n - nom sg;;;этих убийц , _это_ всё в крови;о;т;э;;;;SPRO;ЭТО;S n - nom sg;О
26614;;всё;ВСЕ;SPRO n - nom sg;;;убийц , это _всё_ в крови ,;ё;с;в;;;;ADV;ВСЕ;ADV -;Е
26615;;в;В;PR;;;, это всё _в_ крови , плюс;в;;;;;;PR;В;PR;В
26616;;крови;КРОВЬ;S f inan loc2 sg;;;это всё в _крови_ , плюс ко;и;в;о;р;к;;S;КРОВЬ;S f inan loc2 sg;Ь
26617;;,;,;PUNCT;;;;;;;;;;PUNCT;;;
26618;;плюс;ПЛЮС;CONJ;;;в крови , _плюс_ ко всему приглушённый;с;ю;л;п;;;CONJ;ПЛЮС;CONJ;С
26619;;ко;КО;PR;;;крови , плюс _ко_ всему приглушённый красный;о;к;;;;;PR;КО;PR;О
26620;;всему;ВСЕ;SPRO n - dat sg;;;, плюс ко _всему_ приглушённый красный свет;у;м;е;с;в;;S;ВСЕ;S n - dat sg;Е
26621;;приглушённый;ПРИГЛУШЕННЫЙ;A - nom sg plen m inan;;;плюс ко всему _приглушённый_ красный свет и;й;ы;н;н;ё;ш;A;ПРИГЛУШЕННЫЙ;A - acc sg plen m inan;Й
26622;;красный;КРАСНЫЙ;A - nom sg plen m inan;;;ко всему приглушённый _красный_ свет и музыка;й;ы;н;с;а;р;A;КРАСНЫЙ;A - acc sg plen m inan;Й
26623;;свет;СВЕТ;S m inan nom sg;;;всему приглушённый красный _свет_ и музыка ,;т;е;в;с;;;S;СВЕТ;S m inan acc sg;Т
26624;;и;И;CONJ;;;приглушённый красный свет _и_ музыка , как;и;;;;;;CONJ;И;CONJ;И
26625;;музыка;МУЗЫКА;S f inan nom sg;;;красный свет и _музыка_ , как из;а;к;ы;з;у;м;S;МУЗЫКА;S f inan nom sg;А
26626;;,;,;PUNCT;;;;;;;;;;PUNCT;;;
26627;;как;КАК;CONJ;;;и музыка , _как_ из детектива ,;к;а;к;;;;CONJ;КАК;CONJ;К
26628;;из;ИЗ;PR;;;музыка , как _из_ детектива , и;з;и;;;;;PR;ИЗ;PR;З
26629;;детектива;ДЕТЕКТИВ;S m inan gen sg;;;, как из _детектива_ , и это;а;в;и;т;к;е;S;ДЕТЕКТИВ;S m inan gen sg;В
26630;;,;,;PUNCT;;;;;;;;;;PUNCT;;;
26631;;и;И;CONJ;;;из детектива , _и_ это всё наводит;и;;;;;;CONJ;И;CONJ;И
26632;;это;ЭТО;SPRO n - nom sg;;;детектива , и _это_ всё наводит ужас;о;т;э;;;;SPRO;ЭТО;S n - nom sg;О
26633;;всё;ВСЕ;SPRO n - nom sg;;;, и это _всё_ наводит ужас ,;ё;с;в;;;;S;ВСЕ;S n - nom sg;Е
26634;;наводит;НАВОДИТЬ;V ipf praes sg indic - 3p;;;и это всё _наводит_ ужас , и;т;и;д;о;в;а;V;НАВОДИТЬ;V ipf praes sg indic - 3p;Ь
26635;;ужас;УЖАС;S m inan acc sg;;;это всё наводит _ужас_ , и ты;с;а;ж;у;;;S;УЖАС;S m inan nom sg;С
26636;;,;,;PUNCT;;;;;;;;;;PUNCT;;;
26637;;и;И;CONJ;;;наводит ужас , _и_ ты просто напрочь;и;;;;;;CONJ;И;CONJ;И
26638;;ты;ТЫ;SPRO sg 2p - nom;;;ужас , и _ты_ просто напрочь забываешь;ы;т;;;;;SPRO;ТЫ;SPRO sg 2p - nom;Ы
26639;;просто;ПРОСТО;PART;;;, и ты _просто_ напрочь забываешь ,;о;т;с;о;р;п;PART;ПРОСТО;PART;О
26640;;напрочь;НАПРОЧЬ;ADV -;;;и ты просто _напрочь_ забываешь , что;ь;ч;о;р;п;а;ADV;НАПРОЧЬ;ADV -;Ь
26641;;забываешь;ЗАБЫВАТЬ;V ipf praes sg indic - 2p;;;ты просто напрочь _забываешь_ , что это;ь;ш;е;а;в;ы;V;ЗАБЫВАТЬ;V ipf praes sg indic - 2p;Ь
26642;;,;,;PUNCT;;;;;;;;;;PUNCT;;;
26643;;что;ЧТО;CONJ;;;напрочь забываешь , _что_ это всё не;о;т;ч;;;;CONJ;ЧТО;CONJ;О
26644;;это;ЭТО;SPRO n - nom sg;;;забываешь , что _это_ всё не всерьёз;о;т;э;;;;SPRO;ЭТО;S n - nom sg;О
26645;;всё;ВСЕ;SPRO n - nom sg;;;, что это _всё_ не всерьёз ,;ё;с;в;;;;S;ВСЕ;S n - nom sg;Е
26646;;не;НЕ;PART;;;что это всё _не_ всерьёз , и;е;н;;;;;PART;НЕ;PART;Е
26647;;всерьёз;ВСЕРЬЕЗ;ADV -;;;это всё не _всерьёз_ , и начинаешь;з;ё;ь;р;е;с;ADV;ВСЕРЬЕЗ;ADV -;З
26648;;,;,;PUNCT;;;;;;;;;;PUNCT;;;
26649;;и;И;CONJ;;;не всерьёз , _и_ начинаешь действительно;и;;;;;;CONJ;И;CONJ;И
26650;;начинаешь;НАЧИНАТЬ;V ipf praes sg indic - 2p;;;всерьёз , и _начинаешь_ действительно усмехается;ь;ш;е;а;н;и;V;НАЧИНАТЬ;V ipf praes sg indic - 2p;Ь
26651;;действительно;ДЕЙСТВИТЕЛЬНО;ADV -;;;, и начинаешь _действительно_ усмехается;о;н;ь;л;е;т;ADV;ДЕЙСТВИТЕЛЬНО;ADV -;О
26652;"<span class=""note"">";;;;;;;;;;;;;;;;
26653;<note>;усмехается;;;;;;;;;;;;;;;
26654;</span>;;;;;;;;;;;;;;;;
26655;;бояться;БОЯТЬСЯ;V ipf - - inf - -;;;усмехается _бояться_ за свою жизнь;я;с;ь;т;я;о;V;БОЯТЬСЯ;V ipf - - inf - -;Я
26656;;за;ЗА;PR;;;усмехается бояться _за_ свою жизнь и;а;з;;;;;PR;ЗА;PR;А
26657;;свою;СВОЙ;APRO - acc sg plen f -;;;бояться за _свою_ жизнь и думать;ю;о;в;с;;;APRO;СВОЙ;A - acc sg plen f -;Й
26658;;жизнь;ЖИЗНЬ;S f inan acc sg;;;бояться за свою _жизнь_ и думать о;ь;н;з;и;ж;;S;ЖИЗНЬ;S f inan acc sg;Ь
26659;;и;И;CONJ;;;за свою жизнь _и_ думать о том;и;;;;;;CONJ;И;CONJ;И
26660;;думать;ДУМАТЬ;V ipf - - inf - -;;;свою жизнь и _думать_ о том ,;ь;т;а;м;у;д;V;ДУМАТЬ;V ipf - - inf - -;Ь
26661;;о;О;PR;;;жизнь и думать _о_ том , как бы;о;;;;;;PR;О;PR;О
26662;;том;ТО;SPRO n - loc sg;;;и думать о _том_ , как бы выжить;м;о;т;;;;SPRO;ТО;S n - loc sg;О
26663;;,;,;PUNCT;;;;;;;;;;PUNCT;;;
26664;;как бы;как бы;PART;Раздельно;;о том , _как бы_ выжить в этот;ы;б;;к;а;к;PART;как бы;ADV -;ы
26665;;выжить;ВЫЖИТЬ;V pf - - inf - -;;;том , как бы _выжить_ в этот час;ь;т;и;ж;ы;в;V;ВЫЖИТЬ;V pf - - inf - -;Ь
26666;;в;В;PR;;;, как бы выжить _в_ этот час и;в;;;;;;PR;В;PR;В
26667;;этот;ЭТОТ;APRO - acc sg plen m inan;;;как бы выжить в _этот_ час и как бы;т;о;т;э;;;APRO;ЭТОТ;A - acc sg plen m inan;Т
26668;;час;ЧАС;S m inan acc sg;;;выжить в этот _час_ и как бы кто;с;а;ч;;;;S;ЧАС;S m inan acc sg;С
26669;;и;И;CONJ;;;в этот час _и_ как бы кто сзади;и;;;;;;CONJ;И;CONJ;И
26670;;как бы;как бы;PART;Раздельно;;этот час и _как бы_ кто сзади не;ы;б;;к;а;к;PART;как бы;ADV -;ы
26671;;кто;КТО;SPRO m - nom sg;;;час и как бы _кто_ сзади не подошёл;о;т;к;;;;S;КТО;S m - nom sg;О
26672;;сзади;СЗАДИ;ADV -;;;и как бы кто _сзади_ не подошёл ,;и;д;а;з;с;;ADV;СЗАДИ;ADV -;И
26673;;не;НЕ;PART;;;как бы кто сзади _не_ подошёл , не;е;н;;;;;PART;НЕ;PART;Е
26674;;подошёл;ПОДОЙТИ;V pf praet sg indic m -;;;кто сзади не _подошёл_ , не пырнул;л;ё;ш;о;д;о;V;ПОДОЙТИ;V pf praet sg indic m -;И
26675;;,;,;PUNCT;;;;;;;;;;PUNCT;;;
26676;;не;НЕ;PART;;;не подошёл , _не_ пырнул ножом и;е;н;;;;;PART;НЕ;PART;Е
26677;;пырнул;ПЫРНУТЬ;V pf praet sg indic m -;;;подошёл , не _пырнул_ ножом и так;л;у;н;р;ы;п;V;ПЫРНУТЬ;V pf praet sg indic m -;Ь
26678;;ножом;НОЖ;S m inan ins sg;;;, не пырнул _ножом_ и так далее;м;о;ж;о;н;;S;НОЖ;S m inan ins sg;Ж
26679;;и;И;CONJ;;;не пырнул ножом _и_ так далее .;и;;;;;;CONJ;И;CONJ;И
26680;;так;ТАК;ADV -;;;пырнул ножом и _так_ далее .;к;а;т;;;;ADV;ТАК;ADV -;К
26681;;далее;ДАЛЕЕ;ADV -;;;ножом и так _далее_ .;е;е;л;а;д;;ADV;ДАЛЕЕ;ADV -;Е
26682;;.;.;PUNCT;;;;;;;;;;PUNCT;;;
26683;;;;;;;;;;;;;;;;;
26684;# sent = 1971;;;;;;;;;;;;;;;;
26685;# speaker = Надя;;;;;;;;;;;;;;;;
26686;# sent = 1972;;;;;;;;;;;;;;;;
26687;;В;В;PR;;;_В_ общем , потом;в;;;;;;PR;В;PR;В
26688;;общем;ОБЩИЙ;A - loc sg plen m -;;;В _общем_ , потом резко;м;е;щ;б;о;;A;ОБЩИЙ;A - loc sg plen m -;Й
26689;;,;,;PUNCT;;;;;;;;;;PUNCT;;;
26690;;потом;ПОТОМ;ADV -;;;В общем , _потом_ резко закрывается дверь;м;о;т;о;п;;ADV;ПОТОМ;ADV -;М
26691;;резко;РЕЗКО;ADV -;;;общем , потом _резко_ закрывается дверь ,;о;к;з;е;р;;ADV;РЕЗКО;ADV -;О
26692;;закрывается;ЗАКРЫВАТЬСЯ;V ipf praes sg indic - 3p;;;, потом резко _закрывается_ дверь , кто-то;я;с;т;е;а;в;V;ЗАКРЫВАТЬСЯ;V ipf praes sg indic - 3p;Я
26693;;дверь;ДВЕРЬ;S f inan nom sg;;;потом резко закрывается _дверь_ , кто-то ,;ь;р;е;в;д;;S;ДВЕРЬ;S f inan acc sg;Ь
26694;;,;,;PUNCT;;;;;;;;;;PUNCT;;;
26695;;кто-то;КТО-ТО;SPRO m - nom sg;;;закрывается дверь , _кто-то_ , видимо ,;о;т;-;о;т;к;S;КТО-ТО;S m - nom sg;О
26696;;,;,;PUNCT;;;;;;;;;;PUNCT;;;
26697;;видимо;ВИДИМО;PARENTH;;;, кто-то , _видимо_ , её закрыл;о;м;и;д;и;в;ADV;ВИДИМО;ADV -;О
26698;;,;,;PUNCT;;;;;;;;;;PUNCT;;;
26699;;её;ОНА;SPRO sg 3p f acc;;;, видимо , _её_ закрыл , мы;ё;е;;;;;SPRO;ОНА;SPRO sg 3p f acc;А
26700;;закрыл;ЗАКРЫТЬ;V pf praet sg indic m -;;;видимо , её _закрыл_ , мы оказались;л;ы;р;к;а;з;V;ЗАКРЫТЬ;V pf praet sg indic m -;Ь
26701;;,;,;PUNCT;;;;;;;;;;PUNCT;;;
26702;;мы;МЫ;SPRO pl 1p - nom;;;её закрыл , _мы_ оказались внутри этого;ы;м;;;;;SPRO;МЫ;SPRO pl 1p - nom;Ы
26703;;оказались;ОКАЗАТЬСЯ;V pf praet pl indic - -;;;закрыл , мы _оказались_ внутри этого кабинета;ь;с;и;л;а;з;V;ОКАЗАТЬСЯ;V pf praet pl indic - -;Я
26704;;внутри;ВНУТРИ;PR;;;, мы оказались _внутри_ этого кабинета (;и;р;т;у;н;в;PR;ВНУТРИ;PR;И
26705;;этого;ЭТОТ;APRO - gen sg plen m -;;;мы оказались внутри _этого_ кабинета ( она;о;г;о;т;э;;APRO;ЭТОТ;A - acc sg plen m anim;Т
26706;;кабинета;КАБИНЕТ;S m inan gen sg;;;оказались внутри этого _кабинета_ ( она как бы;а;т;е;н;и;б;S;КАБИНЕТ;S m inan gen sg;Т
26707;;(;(;PUNCT;;;;;;;;;;PUNCT;;;
26708;;она;ОНА;SPRO sg 3p f nom;;;этого кабинета ( _она_ как бы вроде бы;а;н;о;;;;SPRO;ОНА;SPRO sg 3p f nom;А
26709;;как бы;как бы;PART;;;кабинета ( она _как бы_ вроде бы сама;ы;б;;к;а;к;PART;как бы;ADV -;ы
26710;;вроде;ВРОДЕ;PART;;;( она как бы _вроде_ бы сама закрылась;е;д;о;р;в;;PART;ВРОДЕ;PART;Е
26711;;бы;БЫ;PART;;;она как бы вроде _бы_ сама закрылась ,;ы;б;;;;;PART;БЫ;PART;Ы
26712;;сама;САМ;A - nom sg plen f -;;;как бы вроде бы _сама_ закрылась , непонятно;а;м;а;с;;;A;САМ;A - nom sg plen f -;М
26713;;закрылась;ЗАКРЫТЬСЯ;V pf praet sg indic f -;;;вроде бы сама _закрылась_ , непонятно );ь;с;а;л;ы;р;V;ЗАКРЫТЬСЯ;V pf praet sg indic f -;Я
26714;;,;,;PUNCT;;;;;;;;;;PUNCT;;;
26715;;непонятно;НЕПОНЯТНО;ADV -;;;сама закрылась , _непонятно_ ) , там;о;н;т;я;н;о;ADV;НЕПОНЯТНО;ADV -;О
26716;;););PUNCT;;;;;;;;;;PUNCT;;;
26717;;,;,;PUNCT;;;;;;;;;;PUNCT;;;
26718;;там;ТАМ;ADV -;;;непонятно ) , _там_ ещё вентилятор шумел;м;а;т;;;;ADV;ТАМ;ADV -;М
26719;;ещё;ЕЩЕ;ADV -;;;) , там _ещё_ вентилятор шумел от;ё;щ;е;;;;ADV;ЕЩЕ;ADV -;Е
26720;;вентилятор;ВЕНТИЛЯТОР;S m inan nom sg;;;, там ещё _вентилятор_ шумел от …;р;о;т;я;л;и;S;ВЕНТИЛЯТОР;S m inan nom sg;Р
26721;;шумел;ШУМЕТЬ;V ipf praet sg indic m -;;;там ещё вентилятор _шумел_ от … сам;л;е;м;у;ш;;V;ШУМЕТЬ;V ipf praet sg indic m -;Ь
26722;;от;ОТ;PR;;;ещё вентилятор шумел _от_ … сам по;т;о;;;;;PR;ОТ;PR;Т
26723;;…;…;PUNCT;;;;;;;;;;PUNCT;;;
26724;;сам;САМ;A - nom sg plen m -;;;шумел от … _сам_ по себе ,;м;а;с;;;;A;САМ;A - nom sg plen m -;М
26725;;по;ПО;PR;;;от … сам _по_ себе , в;о;п;;;;;PR;ПО;PR;О
26726;;себе;СЕБЯ;SPRO - - - dat;;;… сам по _себе_ , в общем;е;б;е;с;;;SPRO;СЕБЯ;SPRO - - - dat;Я
26727;;,;,;PUNCT;;;;;;;;;;PUNCT;;;
26728;;в;В;PR;;;по себе , _в_ общем .;в;;;;;;PR;В;PR;В
26729;;общем;ОБЩИЙ;A - loc sg plen m -;;;себе , в _общем_ .;м;е;щ;б;о;;A;ОБЩИЙ;A - loc sg plen m -;Й
26730;;.;.;PUNCT;;;;;;;;;;PUNCT;;;
26731;;;;;;;;;;;;;;;;;
26732;# sent = 1973;;;;;;;;;;;;;;;;
26733;;И;И;CONJ;;;. _И_ тут резко начинается;и;;;;;;CONJ;И;CONJ;И
26734;;тут;ТУТ;ADV -;;;И _тут_ резко начинается толчки;т;у;т;;;;ADV;ТУТ;ADV -;Т
26735;;резко;РЕЗКО;ADV -;;;И тут _резко_ начинается толчки в;о;к;з;е;р;;ADV;РЕЗКО;ADV -;О
26736;;начинается;НАЧИНАТЬСЯ;V ipf praes sg indic - 3p;;;И тут резко _начинается_ толчки в дверь;я;с;т;е;а;н;V;НАЧИНАТЬСЯ;V ipf praes sg indic - 3p;Я
26737;;толчки;ТОЛЧОК;S m inan nom pl;;;тут резко начинается _толчки_ в дверь ,;и;к;ч;л;о;т;S;ТОЛЧОК;S m inan acc pl;К
26738;;в;В;PR;;;резко начинается толчки _в_ дверь , там;в;;;;;;PR;В;PR;В
26739;;дверь;ДВЕРЬ;S f inan acc sg;;;начинается толчки в _дверь_ , там ,;ь;р;е;в;д;;S;ДВЕРЬ;S f inan acc sg;Ь
26740;;,;,;PUNCT;;;;;;;;;;PUNCT;;;
26741;;там;ТАМ;ADV -;;;в дверь , _там_ , бум -;м;а;т;;;;ADV;ТАМ;ADV -;М
26742;;,;,;PUNCT;;;;;;;;;;PUNCT;;;
26743;;бум;БУМ;INTJ;;;, там , _бум_ - бум -;м;у;б;;;;INTJ;БУМ;INTJ;М
26744;;-;-;PUNCT;;;;;;;;;;PUNCT;;;
26745;;бум;БУМ;INTJ;;;, бум - _бум_ - бум ,;м;у;б;;;;INTJ;БУМ;INTJ;М
26746;;-;-;PUNCT;;;;;;;;;;PUNCT;;;
26747;;бум;БУМ;INTJ;;;- бум - _бум_ , и от;м;у;б;;;;INTJ;БУМ;INTJ;М
26748;;,;,;PUNCT;;;;;;;;;;PUNCT;;;
26749;;и;И;CONJ;;;- бум , _и_ от этого становится;и;;;;;;CONJ;И;CONJ;И
26750;;от;ОТ;PR;;;бум , и _от_ этого становится очень;т;о;;;;;PR;ОТ;PR;Т
26751;;этого;ЭТО;SPRO n - gen sg;;;, и от _этого_ становится очень страшно;о;г;о;т;э;;SPRO;ЭТО;S n - gen sg;О
26752;;становится;СТАНОВИТЬСЯ;V ipf praes sg indic - 3p;;;и от этого _становится_ очень страшно ,;я;с;т;и;в;о;V;СТАНОВИТЬСЯ;V ipf praes sg indic - 3p;Я
26753;;очень;ОЧЕНЬ;ADV -;;;от этого становится _очень_ страшно , сердце;ь;н;е;ч;о;;ADV;ОЧЕНЬ;ADV -;Ь
26754;;страшно;СТРАШНО;ADV -;;;этого становится очень _страшно_ , сердце просто;о;н;ш;а;р;т;ADV;СТРАШНО;ADV -;О
26755;;,;,;PUNCT;;;;;;;;;;PUNCT;;;
26756;;сердце;СЕРДЦЕ;S n inan nom sg;;;очень страшно , _сердце_ просто у …;е;ц;д;р;е;с;S;СЕРДЦЕ;S n inan nom sg;Е
26757;;просто;ПРОСТО;PART;;;страшно , сердце _просто_ у … уходит;о;т;с;о;р;п;PART;ПРОСТО;PART;О
26758;;у;У;NONLEX;Слитно;;, сердце просто _у_ … уходит в;у;;;;;;PR;У;PR;У
26759;;…;…;PUNCT;;;;;;;;;;PUNCT;;;
26760;;уходит;УХОДИТЬ;V ipf praes sg indic - 3p;;;просто у … _уходит_ в пятки ,;т;и;д;о;х;у;V;УХОДИТЬ;V ipf praes sg indic - 3p;Ь
26761;;в;В;PR;;;у … уходит _в_ пятки , и;в;;;;;;PR;В;PR;В
26762;;пятки;ПЯТКА;S f inan acc pl;;;… уходит в _пятки_ , и ты;и;к;т;я;п;;S;ПЯТКА;S f inan acc pl;А
26763;;,;,;PUNCT;;;;;;;;;;PUNCT;;;
26764;;и;И;CONJ;;;в пятки , _и_ ты , ну;и;;;;;;CONJ;И;CONJ;И
26765;;ты;ТЫ;SPRO sg 2p - nom;;;пятки , и _ты_ , ну ,;ы;т;;;;;SPRO;ТЫ;SPRO sg 2p - nom;Ы
26766;;,;,;PUNCT;;;;;;;;;;PUNCT;;;
26767;;ну;НУ;PART;;;и ты , _ну_ , не знаю;у;н;;;;;PART;НУ;PART;У
26768;;,;,;PUNCT;;;;;;;;;;PUNCT;;;
26769;;не;НЕ;PART;;;, ну , _не_ знаю , все;е;н;;;;;PART;НЕ;PART;Е
26770;;знаю;ЗНАТЬ;V ipf praes sg indic - 1p;;;ну , не _знаю_ , все так;ю;а;н;з;;;V;ЗНАТЬ;V ipf praes sg indic - 1p;Ь
26771;;,;,;PUNCT;;;;;;;;;;PUNCT;;;
26772;;все;ВСЕ;APRO - - nom pl;;;не знаю , _все_ так сплочаются ,;е;с;в;;;;S;ВСЕ;S - - nom pl;Е
26773;;так;ТАК;ADV -;;;знаю , все _так_ сплочаются , все;к;а;т;;;;ADV;ТАК;ADV -;К
26774;;сплочаются;СПЛОЧАТЬСЯ;V ipf praes pl indic - 3p;;;, все так _сплочаются_ , все стараются;я;с;т;ю;а;ч;V;СПЛОЧАТЬСЯ;V ipf praes pl indic - 3p;Я
26775;;,;,;PUNCT;;;;;;;;;;PUNCT;;;
26776;;все;ВСЕ;APRO - - nom pl;;;так сплочаются , _все_ стараются друг с;е;с;в;;;;S;ВСЕ;S - - nom pl;Е
26777;;стараются;СТАРАТЬСЯ;V ipf praes pl indic - 3p;;;сплочаются , все _стараются_ друг с другом;я;с;т;ю;а;р;V;СТАРАТЬСЯ;V ipf praes pl indic - 3p;Я
26778;;друг;ДРУГ;S m anim nom sg;;;, все стараются _друг_ с другом вот;г;у;р;д;;;S;ДРУГ;S - - nom -;Г
26779;;с;С;PR;;;все стараются друг _с_ другом вот в;с;;;;;;PR;С;PR;С
26780;;другом;ДРУГ;S m anim ins sg;;;стараются друг с _другом_ вот в одном;м;о;г;у;р;д;S;ДРУГ;S m anim ins sg;Г
26781;;вот;ВОТ;PART;;;друг с другом _вот_ в одном кружочке;т;о;в;;;;PART;ВОТ;PART;Т
26782;;в;В;PR;;;с другом вот _в_ одном кружочке держаться;в;;;;;;PR;В;PR;В
26783;;одном;ОДИН;ANUM - loc sg plen m -;;;другом вот в _одном_ кружочке держаться .;м;о;н;д;о;;ANUM;ОДИН;A - loc sg plen m -;Н
26784;;кружочке;КРУЖОЧЕК;S m inan loc sg;;;вот в одном _кружочке_ держаться .;е;к;ч;о;ж;у;S;КРУЖОЧЕК;S m inan loc sg;К
26785;;держаться;ДЕРЖАТЬСЯ;V ipf - - inf - -;;;в одном кружочке _держаться_ .;я;с;ь;т;а;ж;V;ДЕРЖАТЬСЯ;V ipf - - inf - -;Я
26786;;.;.;PUNCT;;;;;;;;;;PUNCT;;;
26787;;;;;;;;;;;;;;;;;
26788;# sent = 1974;;;;;;;;;;;;;;;;
26789;# speaker = Надя;;;;;;;;;;;;;;;;
26790;# sent = 1975;;;;;;;;;;;;;;;;
26791;;В;В;PR;;;_В_ общем , ээ;в;;;;;;PR;В;PR;В
26792;;общем;ОБЩИЙ;A - loc sg plen m -;;;В _общем_ , ээ ,;м;е;щ;б;о;;A;ОБЩИЙ;A - loc sg plen m -;Й
26793;;,;,;PUNCT;;;;;;;;;;PUNCT;;;
26794;;ээ;ЭЭ;NONLEX;;;В общем , _ээ_ , нам нужно;э;э;;;;;NONLEX;ЭЭ;NONLEX;Э
26795;;,;,;PUNCT;;;;;;;;;;PUNCT;;;
26796;;нам;МЫ;SPRO pl 1p - dat;;;, ээ , _нам_ нужно было найти;м;а;н;;;;SPRO;МЫ;SPRO pl 1p - dat;Ы
26797;;нужно;НУЖНО;PRAEDIC;;;ээ , нам _нужно_ было найти ,;о;н;ж;у;н;;PRAEDIC;НУЖНО;ADV -;О
26798;;было;БЫТЬ;V ipf praet sg indic n -;;;, нам нужно _было_ найти , ээ;о;л;ы;б;;;V;БЫТЬ;V ipf praet sg indic n -;Ь
26799;;найти;НАЙТИ;V pf - - inf - -;;;нам нужно было _найти_ , ээ ,;и;т;й;а;н;;V;НАЙТИ;V pf - - inf - -;И
26800;;,;,;PUNCT;;;;;;;;;;PUNCT;;;
26801;;ээ;ЭЭ;NONLEX;;;было найти , _ээ_ , диск ,;э;э;;;;;NONLEX;ЭЭ;NONLEX;Э
26802;;,;,;PUNCT;;;;;;;;;;PUNCT;;;
26803;;диск;ДИСК;S m inan acc sg;;;, ээ , _диск_ , диск лежал;к;с;и;д;;;S;ДИСК;S m inan nom sg;К
26804;;,;,;PUNCT;;;;;;;;;;PUNCT;;;
26805;;диск;ДИСК;S m inan nom sg;;;, диск , _диск_ лежал в сейфе;к;с;и;д;;;S;ДИСК;S m inan nom sg;К
26806;;лежал;ЛЕЖАТЬ;V ipf praet sg indic m -;;;диск , диск _лежал_ в сейфе .;л;а;ж;е;л;;V;ЛЕЖАТЬ;V ipf praet sg indic m -;Ь
26807;;в;В;PR;;;, диск лежал _в_ сейфе .;в;;;;;;PR;В;PR;В
26808;;сейфе;СЕЙФ;S m inan loc sg;;;диск лежал в _сейфе_ .;е;ф;й;е;с;;S;СЕЙФ;S m inan loc sg;Ф
26809;;.;.;PUNCT;;;;;;;;;;PUNCT;;;
26810;;;;;;;;;;;;;;;;;
26811;# sent = 1976;;;;;;;;;;;;;;;;
26812;;Чтобы;ЧТОБЫ;CONJ;;;. _Чтобы_ найти код от;ы;б;о;т;ч;;CONJ;ЧТОБЫ;CONJ;Ы
26813;;найти;НАЙТИ;V pf - - inf - -;;;Чтобы _найти_ код от сейфа;и;т;й;а;н;;V;НАЙТИ;V pf - - inf - -;И
26814;;код;КОД;S m inan acc sg;;;Чтобы найти _код_ от сейфа ,;д;о;к;;;;S;КОД;S m inan acc sg;Д
26815;;от;ОТ;PR;;;Чтобы найти код _от_ сейфа , нужно;т;о;;;;;PR;ОТ;PR;Т
26816;;сейфа;СЕЙФ;S m inan gen sg;;;найти код от _сейфа_ , нужно было;а;ф;й;е;с;;S;СЕЙФ;S m inan gen sg;Ф
26817;;,;,;PUNCT;;;;;;;;;;PUNCT;;;
26818;;нужно;НУЖНО;PRAEDIC;;;от сейфа , _нужно_ было прослушать аудиозапись;о;н;ж;у;н;;PRAEDIC;НУЖНО;ADV -;О
26819;;было;БЫТЬ;V ipf praet sg indic n -;;;сейфа , нужно _было_ прослушать аудиозапись ,;о;л;ы;б;;;V;БЫТЬ;V ipf praet sg indic n -;Ь
26820;;прослушать;ПРОСЛУШАТЬ;V pf - - inf - -;;;, нужно было _прослушать_ аудиозапись , которую;ь;т;а;ш;у;л;V;ПРОСЛУШАТЬ;V pf - - inf - -;Ь
26821;;аудиозапись;АУДИОЗАПИСЬ;S f inan acc sg;;;нужно было прослушать _аудиозапись_ , которую не;ь;с;и;п;а;з;S;АУДИОЗАПИСЬ;S f inan acc sg;Ь
26822;;,;,;PUNCT;;;;;;;;;;PUNCT;;;
26823;;которую;КОТОРЫЙ;APRO - acc sg plen f -;;;прослушать аудиозапись , _которую_ не сразу говорится;ю;у;р;о;т;о;APRO;КОТОРЫЙ;A - acc sg plen f -;Й
26824;;не;НЕ;PART;;;аудиозапись , которую _не_ сразу говорится ,;е;н;;;;;PART;НЕ;PART;Е
26825;;сразу;СРАЗУ;ADV -;;;, которую не _сразу_ говорится , а;у;з;а;р;с;;ADV;СРАЗУ;ADV -;У
26826;;говорится;ГОВОРИТЬСЯ;V ipf praes sg indic - 3p;;;которую не сразу _говорится_ , а нужно;я;с;т;и;р;о;V;ГОВОРИТЬСЯ;V ipf praes sg indic - 3p;Я
26827;;,;,;PUNCT;;;;;;;;;;PUNCT;;;
26828;;а;А;CONJ;;;сразу говорится , _а_ нужно было из;а;;;;;;CONJ;А;CONJ;А
26829;;нужно;НУЖНО;PRAEDIC;;;говорится , а _нужно_ было из чего-то;о;н;ж;у;н;;PRAEDIC;НУЖНО;ADV -;О
26830;;было;БЫТЬ;V ipf praet sg indic n -;;;, а нужно _было_ из чего-то там;о;л;ы;б;;;V;БЫТЬ;V ipf praet sg indic n -;Ь
26831;;из;ИЗ;PR;;;а нужно было _из_ чего-то там услышать;з;и;;;;;PR;ИЗ;PR;З
26832;;чего-то;ЧТО-ТО;SPRO n inan gen sg;;;нужно было из _чего-то_ там услышать .;о;т;-;о;г;е;SPRO;ЧТО-ТО;S n - gen sg;О
26833;;там;ТАМ;ADV -;;;было из чего-то _там_ услышать .;м;а;т;;;;ADV;ТАМ;ADV -;М
26834;;услышать;УСЛЫШАТЬ;V pf - - inf - -;;;из чего-то там _услышать_ .;ь;т;а;ш;ы;л;V;УСЛЫШАТЬ;V pf - - inf - -;Ь
26835;;.;.;PUNCT;;;;;;;;;;PUNCT;;;
26836;;;;;;;;;;;;;;;;;
26837;# sent = 1977;;;;;;;;;;;;;;;;
26838;;Мы;МЫ;SPRO pl 1p - nom;;;. _Мы_ услышали какую-то дату;ы;м;;;;;SPRO;МЫ;SPRO pl 1p - nom;Ы
26839;;услышали;УСЛЫШАТЬ;V pf praet pl indic - -;;;Мы _услышали_ какую-то дату рождения;и;л;а;ш;ы;л;V;УСЛЫШАТЬ;V pf praet pl indic - -;Ь
26840;;какую-то;КАКОЙ-ТО;APRO - acc sg plen f inan;;;Мы услышали _какую-то_ дату рождения ,;о;т;-;ю;у;к;APRO;КАКОЙ-ТО;A - acc sg plen f inan;О
26841;;дату;ДАТА;S f inan acc sg;;;Мы услышали какую-то _дату_ рождения , предположили;у;т;а;д;;;S;ДАТА;S f inan acc sg;А
26842;;рождения;РОЖДЕНИЕ;S n inan gen sg;;;услышали какую-то дату _рождения_ , предположили ,;я;и;н;е;д;ж;S;РОЖДЕНИЕ;S n inan gen sg;Е
26843;;,;,;PUNCT;;;;;;;;;;PUNCT;;;
26844;;предположили;ПРЕДПОЛОЖИТЬ;V pf praet pl indic - -;;;дату рождения , _предположили_ , что это;и;л;и;ж;о;л;V;ПРЕДПОЛОЖИТЬ;V pf praet pl indic - -;Ь
26845;;,;,;PUNCT;;;;;;;;;;PUNCT;;;
26846;;что;ЧТО;CONJ;;;, предположили , _что_ это код от;о;т;ч;;;;CONJ;ЧТО;CONJ;О
26847;;это;ЭТО;SPRO n - nom sg;;;предположили , что _это_ код от сейфа;о;т;э;;;;SPRO;ЭТО;S n - nom sg;О
26848;;код;КОД;S m inan nom sg;;;, что это _код_ от сейфа ,;д;о;к;;;;S;КОД;S m inan nom sg;Д
26849;;от;ОТ;PR;;;что это код _от_ сейфа , и;т;о;;;;;PR;ОТ;PR;Т
26850;;сейфа;СЕЙФ;S m inan gen sg;;;это код от _сейфа_ , и в;а;ф;й;е;с;;S;СЕЙФ;S m inan gen sg;Ф
26851;;,;,;PUNCT;;;;;;;;;;PUNCT;;;
26852;;и;И;CONJ;;;от сейфа , _и_ в итоге так и;и;;;;;;CONJ;И;CONJ;И
26853;;в;В;PR;;;сейфа , и _в_ итоге так и оказалось;в;;;;;;PR;В;PR;В
26854;;итоге;ИТОГ;S m inan loc sg;;;, и в _итоге_ так и оказалось .;е;г;о;т;и;;S;ИТОГ;S m inan loc sg;Г
26855;;так и;так и;CONJ;Раздельно;;и в итоге _так и_ оказалось .;и;;к;а;т;;CONJ;так и;CONJ;и
26856;;оказалось;ОКАЗАТЬСЯ;V pf praet sg indic n -;;;в итоге так и _оказалось_ .;ь;с;о;л;а;з;V;ОКАЗАТЬСЯ;V pf praet sg indic n -;Я
26857;;.;.;PUNCT;;;;;;;;;;PUNCT;;;
26858;;;;;;;;;;;;;;;;;
26859;# sent = 1978;;;;;;;;;;;;;;;;
26860;;Нашли;НАЙТИ;V pf - pl indic - -;;;. _Нашли_ сейф , вставили;и;л;ш;а;н;;V;НАСЛАТЬ;V pf - sg imper - 2p;Ь
26861;;сейф;СЕЙФ;S m inan acc sg;;;Нашли _сейф_ , вставили …;ф;й;е;с;;;S;СЕЙФ;S m inan acc sg;Ф
26862;;,;,;PUNCT;;;;;;;;;;PUNCT;;;
26863;;вставили;ВСТАВИТЬ;V pf praet pl indic - -;;;Нашли сейф , _вставили_ … а ,;и;л;и;в;а;т;V;ВСТАВИТЬ;V pf praet pl indic - -;Ь
26864;;…;…;PUNCT;;;;;;;;;;PUNCT;;;
26865;;а;А;INTJ;;;, вставили … _а_ , ещё не;а;;;;;;CONJ;А;CONJ;А
26866;;,;,;PUNCT;;;;;;;;;;PUNCT;;;
26867;;ещё;ЕЩЕ;ADV -;;;… а , _ещё_ не сразу вставили;ё;щ;е;;;;ADV;ЕЩЕ;ADV -;Е
26868;;не;НЕ;PART;;;а , ещё _не_ сразу вставили его;е;н;;;;;PART;НЕ;PART;Е
26869;;сразу;СРАЗУ;ADV -;;;, ещё не _сразу_ вставили его в;у;з;а;р;с;;ADV;СРАЗУ;ADV -;У
26870;;вставили;ВСТАВИТЬ;V pf praet pl indic - -;;;ещё не сразу _вставили_ его в компьютер;и;л;и;в;а;т;V;ВСТАВИТЬ;V pf praet pl indic - -;Ь
26871;;его;ОН;SPRO sg 3p m acc;;;не сразу вставили _его_ в компьютер ,;о;г;е;;;;SPRO;ОН;SPRO sg 3p m acc;Н
26872;;в;В;PR;;;сразу вставили его _в_ компьютер , потому что;в;;;;;;PR;В;PR;В
26873;;компьютер;КОМПЬЮТЕР;S m inan acc sg;;;вставили его в _компьютер_ , потому что компьютер;р;е;т;ю;ь;п;S;КОМПЬЮТЕР;S m inan acc sg;Р
26874;;,;,;PUNCT;;;;;;;;;;PUNCT;;;
26875;;потому что;потому что;CONJ;;;в компьютер , _потому что_ компьютер тоже под;о;т;ч;;у;м;CONJ;потому что;CONJ;о
26876;;компьютер;КОМПЬЮТЕР;S m inan nom sg;;;компьютер , потому что _компьютер_ тоже под паролем;р;е;т;ю;ь;п;S;КОМПЬЮТЕР;S m inan acc sg;Р
26877;;тоже;ТОЖЕ;PART;;;, потому что компьютер _тоже_ под паролем ,;е;ж;о;т;;;PART;ТОЖЕ;PART;Е
26878;;под;ПОД;PR;;;потому что компьютер тоже _под_ паролем , нужно;д;о;п;;;;PR;ПОД;PR;Д
26879;;паролем;ПАРОЛЬ;S m inan ins sg;;;компьютер тоже под _паролем_ , нужно найти;м;е;л;о;р;а;S;ПАРОЛЬ;S m inan ins sg;Ь
26880;;,;,;PUNCT;;;;;;;;;;PUNCT;;;
26881;;нужно;НУЖНО;PRAEDIC;;;под паролем , _нужно_ найти пароль ,;о;н;ж;у;н;;PRAEDIC;НУЖНО;ADV -;О
26882;;найти;НАЙТИ;V pf - - inf - -;;;паролем , нужно _найти_ пароль , куча;и;т;й;а;н;;V;НАЙТИ;V pf - - inf - -;И
26883;;пароль;ПАРОЛЬ;S m inan acc sg;;;, нужно найти _пароль_ , куча …;ь;л;о;р;а;п;S;ПАРОЛЬ;S m inan acc sg;Ь
26884;;,;,;PUNCT;;;;;;;;;;PUNCT;;;
26885;;куча;КУЧА;S f inan nom sg;;;найти пароль , _куча_ … вхх …;а;ч;у;к;;;S;КУЧА;S f inan nom sg;А
26886;;…;…;PUNCT;;;;;;;;;;PUNCT;;;
26887;;вхх;ВХХ;NONLEX;;;, куча … _вхх_ … замков ,;х;х;в;;;;NONLEX;ВХХ;NONLEX;Х
26888;;…;…;PUNCT;;;;;;;;;;PUNCT;;;
26889;;замков;ЗАМОК;S m inan gen pl;;;… вхх … _замков_ , которые необходимо;в;о;к;м;а;з;S;ЗАМОК;S m inan gen pl;К
26890;;,;,;PUNCT;;;;;;;;;;PUNCT;;;
26891;;которые;КОТОРЫЙ;APRO - acc pl plen - inan;;;… замков , _которые_ необходимо найти .;е;ы;р;о;т;о;APRO;КОТОРЫЙ;A - acc pl plen - inan;Й
26892;;необходимо;НЕОБХОДИМО;PRAEDIC;;;замков , которые _необходимо_ найти .;о;м;и;д;о;х;ADV;НЕОБХОДИМО;ADV -;О
26893;;найти;НАЙТИ;V pf - - inf - -;;;, которые необходимо _найти_ .;и;т;й;а;н;;V;НАЙТИ;V pf - - inf - -;И
26894;;.;.;PUNCT;;;;;;;;;;PUNCT;;;
26895;;;;;;;;;;;;;;;;;
26896;# sent = 1979;;;;;;;;;;;;;;;;
26897;;В;В;PR;;;. _В_ общем , мы;в;;;;;;PR;В;PR;В
26898;;общем;ОБЩИЙ;A - loc sg plen m -;;;В _общем_ , мы вставляем;м;е;щ;б;о;;A;ОБЩИЙ;A - loc sg plen m -;Й
26899;;,;,;PUNCT;;;;;;;;;;PUNCT;;;
26900;;мы;МЫ;SPRO pl 1p - nom;;;В общем , _мы_ вставляем диск и;ы;м;;;;;SPRO;МЫ;SPRO pl 1p - nom;Ы
26901;;вставляем;ВСТАВЛЯТЬ;V ipf praes pl indic - 1p;;;общем , мы _вставляем_ диск и на;м;е;я;л;в;а;V;ВСТАВЛЯТЬ;V ipf praes pl indic - 1p;Ь
26902;;диск;ДИСК;S m inan acc sg;;;, мы вставляем _диск_ и на нём;к;с;и;д;;;S;ДИСК;S m inan acc sg;К
26903;;и;И;CONJ;;;мы вставляем диск _и_ на нём видеозапись;и;;;;;;CONJ;И;CONJ;И
26904;;на;НА;PR;;;вставляем диск и _на_ нём видеозапись ,;а;н;;;;;PR;НА;PR;А
26905;;нём;ОН;SPRO sg 3p m loc;;;диск и на _нём_ видеозапись , где;м;ё;н;;;;SPRO;ОН;SPRO sg 3p m loc;Н
26906;;видеозапись;ВИДЕОЗАПИСЬ;S f inan nom sg;;;и на нём _видеозапись_ , где профессор;ь;с;и;п;а;з;S;ВИДЕОЗАПИСЬ;S f inan acc sg;Ь
26907;;,;,;PUNCT;;;;;;;;;;PUNCT;;;
26908;;где;ГДЕ;ADV -;;;нём видеозапись , _где_ профессор ведёт видеозапись;е;д;г;;;;ADV;ГДЕ;ADV -;Е
26909;;профессор;ПРОФЕССОР;S m anim nom sg;;;видеозапись , где _профессор_ ведёт видеозапись своего;р;о;с;с;е;ф;S;ПРОФЕССОР;S m anim nom sg;Р
26910;;ведёт;ВЕСТИ;V ipf praes sg indic - 3p;;;, где профессор _ведёт_ видеозапись своего исследования;т;ё;д;е;в;;V;ВЕСТИ;V ipf praes sg indic - 3p;И
26911;;видеозапись;ВИДЕОЗАПИСЬ;S f inan acc sg;;;где профессор ведёт _видеозапись_ своего исследования .;ь;с;и;п;а;з;S;ВИДЕОЗАПИСЬ;S f inan acc sg;Ь
26912;;своего;СВОЙ;APRO - gen sg plen m -;;;профессор ведёт видеозапись _своего_ исследования .;о;г;е;о;в;с;APRO;СВОЙ;A - gen sg plen m -;Й
26913;;исследования;ИССЛЕДОВАНИЕ;S n inan gen sg;;;ведёт видеозапись своего _исследования_ .;я;и;н;а;в;о;S;ИССЛЕДОВАНИЕ;S n inan gen sg;Е
26914;;.;.;PUNCT;;;;;;;;;;PUNCT;;;
26915;;;;;;;;;;;;;;;;;
26916;# sent = 1980;;;;;;;;;;;;;;;;
26917;;Ааа;ААА;NONLEX;;;. _Ааа_ , он работает;а;а;а;;;;INTJ;ААА;S m inan nonflex -;А
26918;;,;,;PUNCT;;;;;;;;;;PUNCT;;;
26919;;он;ОН;SPRO sg 3p m nom;;;Ааа , _он_ работает над больным;н;о;;;;;SPRO;ОН;SPRO sg 3p m nom;Н
26920;;работает;РАБОТАТЬ;V ipf praes sg indic - 3p;;;Ааа , он _работает_ над больным и;т;е;а;т;о;б;V;РАБОТАТЬ;V ipf praes sg indic - 3p;Ь
26921;;над;НАД;PR;;;, он работает _над_ больным и вывел;д;а;н;;;;PR;НАД;PR;Д
26922;;больным;БОЛЬНОЙ;A - dat pl plen - -;;;он работает над _больным_ и вывел какой-то;м;ы;н;ь;л;о;A;БОЛЬНОЙ;A - dat pl plen - -;Й
26923;;и;И;CONJ;;;работает над больным _и_ вывел какой-то препарат;и;;;;;;CONJ;И;CONJ;И
26924;;вывел;ВЫВЕСТИ;V pf praet sg indic m -;;;над больным и _вывел_ какой-то препарат ,;л;е;в;ы;в;;V;ВЫВЕСТИ;V pf praet sg indic m -;И
26925;;какой-то;КАКОЙ-ТО;APRO - nom sg plen m -;;;больным и вывел _какой-то_ препарат , называется;о;т;-;й;о;к;APRO;КАКОЙ-ТО;A - nom sg plen m -;О
26926;;препарат;ПРЕПАРАТ;S m inan nom sg;;;и вывел какой-то _препарат_ , называется «;т;а;р;а;п;е;S;ПРЕПАРАТ;S m inan nom sg;Т
26927;;,;,;PUNCT;;;;;;;;;;PUNCT;;;
26928;;называется;НАЗЫВАТЬСЯ;V ipf praes sg indic - 3p;;;какой-то препарат , _называется_ « Адреналин »;я;с;т;е;а;в;V;НАЗЫВАТЬСЯ;V ipf praes sg indic - 3p;Я
26929;;«;«;PUNCT;;;;;;;;;;PUNCT;;;
26930;;Адреналин;АДРЕНАЛИН;S m inan acc sg;;;, называется « _Адреналин_ » , для;н;и;л;а;н;е;S;АДРЕНАЛИН;S m inan acc sg;Н
26931;;»;»;PUNCT;;;;;;;;;;PUNCT;;;
26932;;,;,;PUNCT;;;;;;;;;;PUNCT;;;
26933;;для;ДЛЯ;PR;;;Адреналин » , _для_ того , чтобы;я;л;д;;;;PR;ДЛЯ;PR;Я
26934;;того;ТО;SPRO n - gen sg;;;» , для _того_ , чтобы успокоить;о;г;о;т;;;SPRO;ТО;S n - gen sg;О
26935;;,;,;PUNCT;;;;;;;;;;PUNCT;;;
26936;;чтобы;ЧТОБЫ;CONJ;;;для того , _чтобы_ успокоить этого психически;ы;б;о;т;ч;;CONJ;ЧТОБЫ;CONJ;Ы
26937;;успокоить;УСПОКОИТЬ;V pf - - inf - -;;;того , чтобы _успокоить_ этого психически нездорового;ь;т;и;о;к;о;V;УСПОКОИТЬ;V pf - - inf - -;Ь
26938;;этого;ЭТОТ;APRO - acc sg plen m anim;;;, чтобы успокоить _этого_ психически нездорового маньяка;о;г;о;т;э;;APRO;ЭТОТ;A - acc sg plen m anim;Т
26939;;психически;ПСИХИЧЕСКИ;ADV -;;;чтобы успокоить этого _психически_ нездорового маньяка .;и;к;с;е;ч;и;ADV;ПСИХИЧЕСКИ;ADV -;И
26940;;нездорового;НЕЗДОРОВЫЙ;A - gen sg plen m -;;;успокоить этого психически _нездорового_ маньяка .;о;г;о;в;о;р;A;НЕЗДОРОВЫЙ;A - gen sg plen m -;Й
26941;;маньяка;МАНЬЯК;S m anim gen sg;;;этого психически нездорового _маньяка_ .;а;к;я;ь;н;а;S;МАНЬЯК;S m anim gen sg;К
26942;;.;.;PUNCT;;;;;;;;;;PUNCT;;;
26943;;;;;;;;;;;;;;;;;
26944;# sent = 1981;;;;;;;;;;;;;;;;
26945;# speaker = Надя;;;;;;;;;;;;;;;;
26946;# sent = 1982;;;;;;;;;;;;;;;;
26947;;Как только;Как только;CONJ;;;_Как только_ он ему вколол;о;к;ь;л;о;т;CONJ;Как только;CONJ;о
26948;;он;ОН;SPRO sg 3p m nom;;;Как только _он_ ему вколол ,;н;о;;;;;SPRO;ОН;SPRO sg 3p m nom;Н
26949;;ему;ОН;SPRO sg 3p m dat;;;Как только он _ему_ вколол , маньяк;у;м;е;;;;SPRO;ОН;SPRO sg 3p m dat;Н
26950;;вколол;ВКОЛОТЬ;V pf praet sg indic m -;;;Как только он ему _вколол_ , маньяк ещё;л;о;л;о;к;в;V;ВКОЛОТЬ;V pf praet sg indic m -;Ь
26951;;,;,;PUNCT;;;;;;;;;;PUNCT;;;
26952;;маньяк;МАНЬЯК;S m anim nom sg;;;ему вколол , _маньяк_ ещё сильней взбесился;к;я;ь;н;а;м;S;МАНЬЯК;S m anim nom sg;К
26953;;ещё;ЕЩЕ;ADV -;;;вколол , маньяк _ещё_ сильней взбесился .;ё;щ;е;;;;ADV;ЕЩЕ;ADV -;Е
26954;;сильней;СИЛЬНО;ADV comp;;;, маньяк ещё _сильней_ взбесился .;й;е;н;ь;л;и;ADV;СИЛЬНО;ADV comp;О
26955;;взбесился;ВЗБЕСИТЬСЯ;V pf praet sg indic m -;;;маньяк ещё сильней _взбесился_ .;я;с;л;и;с;е;V;ВЗБЕСИТЬСЯ;V pf praet sg indic m -;Я
26956;;.;.;PUNCT;;;;;;;;;;PUNCT;;;
26957;;;;;;;;;;;;;;;;;
26958;# sent = 1983;;;;;;;;;;;;;;;;
26959;;Он;ОН;SPRO sg 3p m nom;;;. _Он_ был прикован к;н;о;;;;;SPRO;ОН;SPRO sg 3p m nom;Н
26960;;был;БЫТЬ;V ipf praet sg indic m -;;;Он _был_ прикован к кровати;л;ы;б;;;;V;БЫТЬ;V ipf praet sg indic m -;Ь
26961;;прикован;ПРИКОВАТЬ;PARTCP pf praet - sg brev m pass -;;;Он был _прикован_ к кровати ,;н;а;в;о;к;и;PARTCP;ПРИКОВАТЬ;PARTCP pf praet - sg brev m pass -;Ь
26962;;к;К;PR;;;Он был прикован _к_ кровати , в;к;;;;;;PR;К;PR;К
26963;;кровати;КРОВАТЬ;S f inan loc sg;;;был прикован к _кровати_ , в итоге;и;т;а;в;о;р;S;КРОВАТЬ;S f inan loc sg;Ь
26964;;,;,;PUNCT;;;;;;;;;;PUNCT;;;
26965;;в;В;PR;;;к кровати , _в_ итоге , после;в;;;;;;PR;В;PR;В
26966;;итоге;ИТОГ;S m inan loc sg;;;кровати , в _итоге_ , после того;е;г;о;т;и;;S;ИТОГ;S m inan loc sg;Г
26967;;,;,;PUNCT;;;;;;;;;;PUNCT;;;
26968;;после;ПОСЛЕ;PR;;;в итоге , _после_ того , как;е;л;с;о;п;;PR;ПОСЛЕ;PR;Е
26969;;того;ТО;SPRO n - gen sg;;;итоге , после _того_ , как ему;о;г;о;т;;;SPRO;ТО;S n - gen sg;О
26970;;,;,;PUNCT;;;;;;;;;;PUNCT;;;
26971;;как;КАК;CONJ;;;после того , _как_ ему вкололи «;к;а;к;;;;CONJ;КАК;CONJ;К
26972;;ему;ОН;SPRO sg 3p m dat;;;того , как _ему_ вкололи « Адреналин;у;м;е;;;;SPRO;ОН;SPRO sg 3p m dat;Н
26973;;вкололи;ВКОЛОТЬ;V pf praet pl indic - -;;;, как ему _вкололи_ « Адреналин »;и;л;о;л;о;к;V;ВКОЛОТЬ;V pf praet pl indic - -;Ь
26974;;«;«;PUNCT;;;;;;;;;;PUNCT;;;
26975;;Адреналин;АДРЕНАЛИН;S m inan acc sg;;;ему вкололи « _Адреналин_ » , он;н;и;л;а;н;е;S;АДРЕНАЛИН;S m inan acc sg;Н
26976;;»;»;PUNCT;;;;;;;;;;PUNCT;;;
26977;;,;,;PUNCT;;;;;;;;;;PUNCT;;;
26978;;он;ОН;SPRO sg 3p m nom;;;Адреналин » , _он_ резко вырывается ,;н;о;;;;;SPRO;ОН;SPRO sg 3p m nom;Н
26979;;резко;РЕЗКО;ADV -;;;» , он _резко_ вырывается , вырывает;о;к;з;е;р;;ADV;РЕЗКО;ADV -;О
26980;;вырывается;ВЫРЫВАТЬСЯ;V ipf praes sg indic - 3p;;;, он резко _вырывается_ , вырывает все;я;с;т;е;а;в;V;ВЫРЫВАТЬСЯ;V ipf praes sg indic - 3p;Я
26981;;,;,;PUNCT;;;;;;;;;;PUNCT;;;
26982;;вырывает;ВЫРЫВАТЬ;V ipf praes sg indic - 3p;;;резко вырывается , _вырывает_ все оковы ,;т;е;а;в;ы;р;V;ВЫРЫВАТЬ;V ipf praes sg indic - 3p;Ь
26983;;все;ВЕСЬ;APRO - nom pl plen - -;;;вырывается , вырывает _все_ оковы , которые;е;с;в;;;;APRO;ВЕСЬ;A - nom pl plen - -;Ь
26984;;оковы;ОКОВЫ;S - inan nom pl;;;, вырывает все _оковы_ , которые были;ы;в;о;к;о;;S;ОКОВЫ;S - inan nom pl;Ы
26985;;,;,;PUNCT;;;;;;;;;;PUNCT;;;
26986;;которые;КОТОРЫЙ;APRO - nom pl plen - -;;;все оковы , _которые_ были , нападает;е;ы;р;о;т;о;APRO;КОТОРЫЙ;A - nom pl plen - -;Й
26987;;были;БЫТЬ;V ipf praet pl indic - -;;;оковы , которые _были_ , нападает на;и;л;ы;б;;;V;БЫТЬ;V ipf praet pl indic - -;Ь
26988;;,;,;PUNCT;;;;;;;;;;PUNCT;;;
26989;;нападает;НАПАДАТЬ;V ipf praes sg indic - 3p;;;которые были , _нападает_ на профессора ,;т;е;а;д;а;п;V;НАПАДАТЬ;V ipf praes sg indic - 3p;Ь
26990;;на;НА;PR;;;были , нападает _на_ профессора , брызгает;а;н;;;;;PR;НА;PR;А
26991;;профессора;ПРОФЕССОР;S m anim gen sg;;;, нападает на _профессора_ , брызгает откуда-то;а;р;о;с;с;е;S;ПРОФЕССОР;S m anim gen sg;Р
26992;;,;,;PUNCT;;;;;;;;;;PUNCT;;;
26993;;брызгает;БРЫЗГАТЬ;V ipf praes sg indic - 3p;;;на профессора , _брызгает_ откуда-то непонятно кровь;т;е;а;г;з;ы;V;БРЫЗГАТЬ;V ipf praes sg indic - 3p;Ь
26994;;откуда-то;ОТКУДА-ТО;ADV -;;;профессора , брызгает _откуда-то_ непонятно кровь прям;о;т;-;а;д;у;ADV;ОТКУДА-ТО;ADV -;О
26995;;непонятно;НЕПОНЯТНО;ADV -;;;, брызгает откуда-то _непонятно_ кровь прям в;о;н;т;я;н;о;ADV;НЕПОНЯТНО;ADV -;О
26996;;кровь;КРОВЬ;S f inan nom sg;;;брызгает откуда-то непонятно _кровь_ прям в камеру;ь;в;о;р;к;;S;КРОВЬ;S f inan nom sg;Ь
26997;;прям;ПРЯМОЙ;A - - sg brev m -;;;откуда-то непонятно кровь _прям_ в камеру и;м;я;р;п;;;A;ПРЯМОЙ;A - - sg brev m -;Й
26998;;в;В;PR;;;непонятно кровь прям _в_ камеру и очень;в;;;;;;PR;В;PR;В
26999;;камеру;КАМЕРА;S f inan acc sg;;;кровь прям в _камеру_ и очень страшно;у;р;е;м;а;к;S;КАМЕРА;S f inan acc sg;А
27000;;и;И;CONJ;;;прям в камеру _и_ очень страшно .;и;;;;;;CONJ;И;CONJ;И
27001;;очень;ОЧЕНЬ;ADV -;;;в камеру и _очень_ страшно .;ь;н;е;ч;о;;ADV;ОЧЕНЬ;ADV -;Ь
27002;;страшно;СТРАШНО;ADV -;;;камеру и очень _страшно_ .;о;н;ш;а;р;т;ADV;СТРАШНО;ADV -;О
27003;;.;.;PUNCT;;;;;;;;;;PUNCT;;;
27004;;;;;;;;;;;;;;;;;
27005;# sent = 1984;;;;;;;;;;;;;;;;
27006;;И;И;CONJ;;;. _И_ в итоге видео;и;;;;;;CONJ;И;CONJ;И
27007;;в;В;PR;;;И _в_ итоге видео на;в;;;;;;PR;В;PR;В
27008;;итоге;ИТОГ;S m inan loc sg;;;И в _итоге_ видео на этом;е;г;о;т;и;;S;ИТОГ;S m inan loc sg;Г
27009;;видео;ВИДЕО;S n inan nom sg;;;И в итоге _видео_ на этом прерывается;о;е;д;и;в;;S;ВИДЕО;S n inan nonflex -;О
27010;;на;НА;PR;;;в итоге видео _на_ этом прерывается .;а;н;;;;;PR;НА;PR;А
27011;;этом;ЭТО;SPRO n - loc sg;;;итоге видео на _этом_ прерывается .;м;о;т;э;;;SPRO;ЭТО;S n - loc sg;О
27012;;прерывается;ПРЕРЫВАТЬСЯ;V ipf praes sg indic - 3p;;;видео на этом _прерывается_ .;я;с;т;е;а;в;V;ПРЕРЫВАТЬСЯ;V ipf praes sg indic - 3p;Я
27013;;.;.;PUNCT;;;;;;;;;;PUNCT;;;
27014;;;;;;;;;;;;;;;;;
27015;# sent = 1985;;;;;;;;;;;;;;;;
27016;;Мы;МЫ;SPRO pl 1p - nom;;;. _Мы_ понимаем , что;ы;м;;;;;SPRO;МЫ;SPRO pl 1p - nom;Ы
27017;;понимаем;ПОНИМАТЬ;V ipf praes pl indic - 1p;;;Мы _понимаем_ , что профессора;м;е;а;м;и;н;V;ПОНИМАТЬ;V ipf praes pl indic - 1p;Ь
27018;;,;,;PUNCT;;;;;;;;;;PUNCT;;;
27019;;что;ЧТО;CONJ;;;Мы понимаем , _что_ профессора либо держат;о;т;ч;;;;CONJ;ЧТО;CONJ;О
27020;;профессора;ПРОФЕССОР;S m anim nom pl;;;понимаем , что _профессора_ либо держат где-то;а;р;о;с;с;е;S;ПРОФЕССОР;S m anim nom pl;Р
27021;;либо;ЛИБО;CONJ;;;, что профессора _либо_ держат где-то ,;о;б;и;л;;;CONJ;ЛИБО;CONJ;О
27022;;держат;ДЕРЖАТЬ;V ipf praes pl indic - 3p;;;что профессора либо _держат_ где-то , либо;т;а;ж;р;е;д;V;ДЕРЖАТЬ;V ipf praes pl indic - 3p;Ь
27023;;где-то;ГДЕ-ТО;ADV -;;;профессора либо держат _где-то_ , либо он;о;т;-;е;д;г;ADV;ГДЕ-ТО;ADV -;О
27024;;,;,;PUNCT;;;;;;;;;;PUNCT;;;
27025;;либо;ЛИБО;CONJ;;;держат где-то , _либо_ он в полуобморочном;о;б;и;л;;;CONJ;ЛИБО;CONJ;О
27026;;он;ОН;SPRO sg 3p m nom;;;где-то , либо _он_ в полуобморочном состоянии;н;о;;;;;SPRO;ОН;SPRO sg 3p m nom;Н
27027;;в;В;PR;;;, либо он _в_ полуобморочном состоянии ,;в;;;;;;PR;В;PR;В
27028;;полуобморочном;ПОЛУОБМОРОЧНЫЙ;A - loc sg plen n -;;;либо он в _полуобморочном_ состоянии , либо;м;о;н;ч;о;р;A;ПОЛУОБМОРОЧНЫЙ;A - loc sg plen n -;Й
27029;;состоянии;СОСТОЯНИЕ;S n inan loc sg;;;он в полуобморочном _состоянии_ , либо его;и;и;н;я;о;т;S;СОСТОЯНИЕ;S n inan loc sg;Е
27030;;,;,;PUNCT;;;;;;;;;;PUNCT;;;
27031;;либо;ЛИБО;CONJ;;;полуобморочном состоянии , _либо_ его уже убили;о;б;и;л;;;CONJ;ЛИБО;CONJ;О
27032;;его;ОН;SPRO sg 3p m acc;;;состоянии , либо _его_ уже убили .;о;г;е;;;;SPRO;ОН;SPRO sg 3p m acc;Н
27033;;уже;УЖЕ;ADV -;;;, либо его _уже_ убили .;е;ж;у;;;;ADV;УЖЕ;ADV -;Е
27034;;убили;УБИТЬ;V pf praet pl indic - -;;;либо его уже _убили_ .;и;л;и;б;у;;V;УБИТЬ;V pf praet pl indic - -;Ь
27035;;.;.;PUNCT;;;;;;;;;;PUNCT;;;
27036;;;;;;;;;;;;;;;;;
27037;# sent = 1986;;;;;;;;;;;;;;;;
27038;;Ааа;ААА;INTJ;;;. _Ааа_ , дальше после;а;а;а;;;;INTJ;ААА;S m inan nonflex -;А
27039;;,;,;PUNCT;;;;;;;;;;PUNCT;;;
27040;;дальше;ДАЛЕКО;ADV comp;;;Ааа , _дальше_ после просмотра видео;е;ш;ь;л;а;д;ADV;ДАЛЕКО;ADV comp;О
27041;;после;ПОСЛЕ;PR;;;Ааа , дальше _после_ просмотра видео ,;е;л;с;о;п;;PR;ПОСЛЕ;PR;Е
27042;;просмотра;ПРОСМОТР;S m inan gen sg;;;, дальше после _просмотра_ видео , честно;а;р;т;о;м;с;S;ПРОСМОТР;S m inan gen sg;Р
27043;;видео;ВИДЕО;S n inan gen sg;;;дальше после просмотра _видео_ , честно говоря;о;е;д;и;в;;S;ВИДЕО;S n inan nonflex -;О
27044;;,;,;PUNCT;;;;;;;;;;PUNCT;;;
27045;;честно;ЧЕСТНО;ADV -;;;просмотра видео , _честно_ говоря , мы;о;н;т;с;е;ч;ADV;ЧЕСТНО;ADV -;О
27046;;говоря;ГОВОРИТЬ;V ipf praes - ger - -;;;видео , честно _говоря_ , мы даже;я;р;о;в;о;г;V;ГОВОРИТЬ;V ipf praes - ger - -;Ь
27047;;,;,;PUNCT;;;;;;;;;;PUNCT;;;
27048;;мы;МЫ;SPRO pl 1p - nom;;;честно говоря , _мы_ даже не знали;ы;м;;;;;SPRO;МЫ;SPRO pl 1p - nom;Ы
27049;;даже;ДАЖЕ;PART;;;говоря , мы _даже_ не знали ,;е;ж;а;д;;;PART;ДАЖЕ;PART;Е
27050;;не;НЕ;PART;;;, мы даже _не_ знали , что;е;н;;;;;PART;НЕ;PART;Е
27051;;знали;ЗНАТЬ;V ipf praet pl indic - -;;;мы даже не _знали_ , что дальше;и;л;а;н;з;;V;ЗНАТЬ;V ipf praet pl indic - -;Ь
27052;;,;,;PUNCT;;;;;;;;;;PUNCT;;;
27053;;что;ЧТО;CONJ;;;не знали , _что_ дальше делать .;о;т;ч;;;;CONJ;ЧТО;CONJ;О
27054;;дальше;ДАЛЕКО;ADV comp;;;знали , что _дальше_ делать .;е;ш;ь;л;а;д;ADV;ДАЛЕКО;ADV comp;О
27055;;делать;ДЕЛАТЬ;V ipf - - inf - -;;;, что дальше _делать_ .;ь;т;а;л;е;д;V;ДЕЛАТЬ;V ipf - - inf - -;Ь
27056;;.;.;PUNCT;;;;;;;;;;PUNCT;;;
27057;;;;;;;;;;;;;;;;;
27058;# sent = 1987;;;;;;;;;;;;;;;;
27059;;Непонятно;НЕПОНЯТНО;ADV -;;;. _Непонятно_ , может быть;о;н;т;я;н;о;ADV;НЕПОНЯТНО;ADV -;О
27060;;,;,;PUNCT;;;;;;;;;;PUNCT;;;
27061;;может;МОЧЬ;V ipf praes sg indic - 3p;;;Непонятно , _может_ быть , квест;т;е;ж;о;м;;V;МОЧЬ;V ipf praes sg indic - 3p;Ь
27062;;быть;БЫТЬ;V ipf - - inf - -;;;Непонятно , может _быть_ , квест ограничивается;ь;т;ы;б;;;V;БЫТЬ;V ipf - - inf - -;Ь
27063;;,;,;PUNCT;;;;;;;;;;PUNCT;;;
27064;;квест;КВЕСТ;S m inan nom sg;;;может быть , _квест_ ограничивается этими двумя;т;с;е;в;к;;S;КВЕСТ;S f inan nom sg;Т
27065;;ограничивается;ОГРАНИЧИВАТЬСЯ;V ipf praes sg indic - 3p;;;быть , квест _ограничивается_ этими двумя комнатами;я;с;т;е;а;в;V;ОГРАНИЧИВАТЬСЯ;V ipf praes sg indic - 3p;Я
27066;;этими;ЭТОТ;APRO - ins pl plen - -;;;, квест ограничивается _этими_ двумя комнатами .;и;м;и;т;э;;APRO;ЭТОТ;A - ins pl plen - -;Т
27067;;двумя;ДВА;NUM ins - -;;;квест ограничивается этими _двумя_ комнатами .;я;м;у;в;д;;NUM;ДВА;NUM ins - -;А
27068;;комнатами;КОМНАТА;S f inan ins pl;;;ограничивается этими двумя _комнатами_ .;и;м;а;т;а;н;S;КОМНАТА;S f inan ins pl;А
27069;;.;.;PUNCT;;;;;;;;;;PUNCT;;;
27070;;;;;;;;;;;;;;;;;
27071;# sent = 1988;;;;;;;;;;;;;;;;
27072;# speaker = Надя;;;;;;;;;;;;;;;;
27073;# sent = 1989;;;;;;;;;;;;;;;;
27074;;В;В;PR;;;_В_ общем , у;в;;;;;;PR;В;PR;В
27075;;общем;ОБЩИЙ;A - loc sg plen m -;;;В _общем_ , у нас;м;е;щ;б;о;;A;ОБЩИЙ;A - loc sg plen m -;Й
27076;;,;,;PUNCT;;;;;;;;;;PUNCT;;;
27077;;у;У;PR;;;В общем , _у_ нас был какой-то;у;;;;;;PR;У;PR;У
27078;;нас;МЫ;SPRO pl 1p - loc;;;общем , у _нас_ был какой-то лишний;с;а;н;;;;SPRO;МЫ;SPRO pl 1p - loc;Ы
27079;;был;БЫТЬ;V ipf praet sg indic m -;;;, у нас _был_ какой-то лишний ключ;л;ы;б;;;;V;БЫТЬ;V ipf praet sg indic m -;Ь
27080;;какой-то;КАКОЙ-ТО;APRO - nom sg plen m -;;;у нас был _какой-то_ лишний ключ ,;о;т;-;й;о;к;APRO;КАКОЙ-ТО;A - nom sg plen m -;О
27081;;лишний;ЛИШНИЙ;A - nom sg plen m -;;;нас был какой-то _лишний_ ключ , и;й;и;н;ш;и;л;A;ЛИШНИЙ;A - nom sg plen m -;Й
27082;;ключ;КЛЮЧ;S m inan nom sg;;;был какой-то лишний _ключ_ , и мы;ч;ю;л;к;;;S;КЛЮЧ;S m inan nom sg;Ч
27083;;,;,;PUNCT;;;;;;;;;;PUNCT;;;
27084;;и;И;CONJ;;;лишний ключ , _и_ мы не понимали;и;;;;;;CONJ;И;CONJ;И
27085;;мы;МЫ;SPRO pl 1p - nom;;;ключ , и _мы_ не понимали ,;ы;м;;;;;SPRO;МЫ;SPRO pl 1p - nom;Ы
27086;;не;НЕ;PART;;;, и мы _не_ понимали , куда;е;н;;;;;PART;НЕ;PART;Е
27087;;понимали;ПОНИМАТЬ;V ipf praet pl indic - -;;;и мы не _понимали_ , куда его;и;л;а;м;и;н;V;ПОНИМАТЬ;V ipf praet pl indic - -;Ь
27088;;,;,;PUNCT;;;;;;;;;;PUNCT;;;
27089;;куда;КУДА;ADV -;;;не понимали , _куда_ его девать .;а;д;у;к;;;ADV;КУДА;ADV -;А
27090;;его;ОН;SPRO sg 3p m acc;;;понимали , куда _его_ девать .;о;г;е;;;;SPRO;ОН;SPRO sg 3p m acc;Н
27091;;девать;ДЕВАТЬ;V ipf - - inf - -;;;, куда его _девать_ .;ь;т;а;в;е;д;V;ДЕВАТЬ;V ipf - - inf - -;Ь
27092;;.;.;PUNCT;;;;;;;;;;PUNCT;;;
27093;;;;;;;;;;;;;;;;;
27094;# sent = 1990;;;;;;;;;;;;;;;;
27095;;Мы;МЫ;SPRO pl 1p - nom;;;. _Мы_ начали искать везде;ы;м;;;;;SPRO;МЫ;SPRO pl 1p - nom;Ы
27096;;начали;НАЧАТЬ;V pf praet pl indic - -;;;Мы _начали_ искать везде замки;и;л;а;ч;а;н;V;НАЧАТЬ;V pf praet pl indic - -;Ь
27097;;искать;ИСКАТЬ;V ipf - - inf - -;;;Мы начали _искать_ везде замки по;ь;т;а;к;с;и;V;ИСКАТЬ;V ipf - - inf - -;Ь
27098;;везде;ВЕЗДЕ;ADV -;;;Мы начали искать _везде_ замки по всем;е;д;з;е;в;;ADV;ВЕЗДЕ;ADV -;Е
27099;;замки;ЗАМОК;S m inan nom pl;;;начали искать везде _замки_ по всем комнатам;и;к;м;а;з;;S;ЗАМОК;S m inan nom pl;К
27100;;по;ПО;PR;;;искать везде замки _по_ всем комнатам ,;о;п;;;;;PR;ПО;PR;О
27101;;всем;ВЕСЬ;APRO - dat pl plen - -;;;везде замки по _всем_ комнатам , и;м;е;с;в;;;APRO;ВЕСЬ;A - dat pl plen - -;Ь
27102;;комнатам;КОМНАТА;S f inan dat pl;;;замки по всем _комнатам_ , и это;м;а;т;а;н;м;S;КОМНАТА;S f inan dat pl;А
27103;;,;,;PUNCT;;;;;;;;;;PUNCT;;;
27104;;и;И;CONJ;;;всем комнатам , _и_ это всё сопровождается;и;;;;;;CONJ;И;CONJ;И
27105;;это;ЭТО;SPRO n - nom sg;;;комнатам , и _это_ всё сопровождается вот;о;т;э;;;;SPRO;ЭТО;S n - nom sg;О
27106;;всё;ВСЕ;ADV -;;;, и это _всё_ сопровождается вот этой;ё;с;в;;;;ADV;ВСЕ;ADV -;Е
27107;;сопровождается;СОПРОВОЖДАТЬСЯ;V ipf praes sg indic - 3p;;;и это всё _сопровождается_ вот этой ужасной;я;с;т;е;а;д;V;СОПРОВОЖДАТЬСЯ;V ipf praes sg indic - 3p;Я
27108;;вот;ВОТ;PART;;;это всё сопровождается _вот_ этой ужасной музыкой;т;о;в;;;;PART;ВОТ;PART;Т
27109;;этой;ЭТОТ;APRO - ins sg plen f -;;;всё сопровождается вот _этой_ ужасной музыкой ,;й;о;т;э;;;APRO;ЭТОТ;A - gen sg plen f -;Т
27110;;ужасной;УЖАСНЫЙ;A - ins sg plen f -;;;сопровождается вот этой _ужасной_ музыкой , которая;й;о;н;с;а;ж;A;УЖАСНЫЙ;A - ins sg plen f -;Й
27111;;музыкой;МУЗЫКА;S f inan ins sg;;;вот этой ужасной _музыкой_ , которая наводит;й;о;к;ы;з;у;S;МУЗЫКА;S f inan ins sg;А
27112;;,;,;PUNCT;;;;;;;;;;PUNCT;;;
27113;;которая;КОТОРЫЙ;APRO - nom sg plen f -;;;ужасной музыкой , _которая_ наводит уза …;я;а;р;о;т;о;APRO;КОТОРЫЙ;A - nom sg plen f -;Й
27114;;наводит;НАВОДИТЬ;V ipf praes sg indic - 3p;;;музыкой , которая _наводит_ уза … ужас;т;и;д;о;в;а;V;НАВОДИТЬ;V ipf praes sg indic - 3p;Ь
27115;;уза;УЗА;S f inan nom sg;;;, которая наводит _уза_ … ужас ,;а;з;у;;;;S;УЗА;S f inan nom sg;А
27116;;…;…;PUNCT;;;;;;;;;;PUNCT;;;
27117;;ужас;УЖАС;S m inan nom sg;;;наводит уза … _ужас_ , красным приглушённым;с;а;ж;у;;;S;УЖАС;S m inan nom sg;С
27118;;,;,;PUNCT;;;;;;;;;;PUNCT;;;
27119;;красным;КРАСНЫЙ;A - ins sg plen m -;;;… ужас , _красным_ приглушённым светом и;м;ы;н;с;а;р;A;КРАСНЫЙ;A - ins sg plen m -;Й
27120;;приглушённым;ПРИГЛУШЕННЫЙ;A - dat pl plen - -;;;ужас , красным _приглушённым_ светом и вот;м;ы;н;н;ё;ш;A;ПРИГЛУШЕННЫЙ;A - dat pl plen - -;Й
27121;;светом;СВЕТ;S m inan ins sg;;;, красным приглушённым _светом_ и вот этими;м;о;т;е;в;с;S;СВЕТ;S m inan ins sg;Т
27122;;и;И;CONJ;;;красным приглушённым светом _и_ вот этими периодическими;и;;;;;;CONJ;И;CONJ;И
27123;;вот;ВОТ;PART;;;приглушённым светом и _вот_ этими периодическими толчками;т;о;в;;;;PART;ВОТ;PART;Т
27124;;этими;ЭТОТ;APRO - ins pl plen - -;;;светом и вот _этими_ периодическими толчками «;и;м;и;т;э;;APRO;ЭТОТ;A - ins pl plen - -;Т
27125;;периодическими;ПЕРИОДИЧЕСКИЙ;A - ins pl plen - -;;;и вот этими _периодическими_ толчками « бум;и;м;и;к;с;е;A;ПЕРИОДИЧЕСКИЙ;A - ins pl plen - -;Й
27126;;толчками;ТОЛЧОК;S m inan ins pl;;;вот этими периодическими _толчками_ « бум -;и;м;а;к;ч;л;S;ТОЛЧОК;S m inan ins pl;К
27127;;«;«;PUNCT;;;;;;;;;;PUNCT;;;
27128;;бум;БУМ;INTJ;;;периодическими толчками « _бум_ - бум -;м;у;б;;;;INTJ;БУМ;INTJ;М
27129;;-;-;PUNCT;;;;;;;;;;PUNCT;;;
27130;;бум;БУМ;S m inan acc sg;;;« бум - _бум_ - бум »;м;у;б;;;;S;БУМ;S m inan acc sg;М
27131;;-;-;PUNCT;;;;;;;;;;PUNCT;;;
27132;;бум;БУМ;INTJ;;;- бум - _бум_ » , от;м;у;б;;;;INTJ;БУМ;INTJ;М
27133;;»;»;PUNCT;;;;;;;;;;PUNCT;;;
27134;;,;,;PUNCT;;;;;;;;;;PUNCT;;;
27135;;от;ОТ;PR;;;бум » , _от_ которых становится просто;т;о;;;;;PR;ОТ;PR;Т
27136;;которых;КОТОРЫЙ;APRO - gen pl plen - -;;;» , от _которых_ становится просто жутко;х;ы;р;о;т;о;APRO;КОТОРЫЙ;A - gen pl plen - -;Й
27137;;становится;СТАНОВИТЬСЯ;V ipf praes sg indic - 3p;;;, от которых _становится_ просто жутко .;я;с;т;и;в;о;V;СТАНОВИТЬСЯ;V ipf praes sg indic - 3p;Я
27138;;просто;ПРОСТО;PART;;;от которых становится _просто_ жутко .;о;т;с;о;р;п;PART;ПРОСТО;PART;О
27139;;жутко;ЖУТКО;ADV -;;;которых становится просто _жутко_ .;о;к;т;у;ж;;ADV;ЖУТКО;ADV -;О
27140;;.;.;PUNCT;;;;;;;;;;PUNCT;;;
27141;;;;;;;;;;;;;;;;;
27142;# sent = 1991;;;;;;;;;;;;;;;;
27143;;В;В;PR;;;. _В_ итоге кто-то нашёл;в;;;;;;PR;В;PR;В
27144;;итоге;ИТОГ;S m inan loc sg;;;В _итоге_ кто-то нашёл ,;е;г;о;т;и;;S;ИТОГ;S m inan loc sg;Г
27145;;кто-то;КТО-ТО;SPRO m - nom sg;;;В итоге _кто-то_ нашёл , ээ;о;т;-;о;т;к;S;КТО-ТО;S m - nom sg;О
27146;;нашёл;НАЙТИ;V pf praet sg indic m -;;;В итоге кто-то _нашёл_ , ээ ,;л;ё;ш;а;н;;V;НАЙТИ;V pf praet sg indic m -;И
27147;;,;,;PUNCT;;;;;;;;;;PUNCT;;;
27148;;ээ;ЭЭ;NONLEX;;;кто-то нашёл , _ээ_ , замочек .;э;э;;;;;NONLEX;ЭЭ;NONLEX;Э
27149;;,;,;PUNCT;;;;;;;;;;PUNCT;;;
27150;;замочек;ЗАМОЧЕК;S m inan acc sg;;;, ээ , _замочек_ .;к;е;ч;о;м;а;S;ЗАМОЧЕК;S m inan acc sg;К
27151;;.;.;PUNCT;;;;;;;;;;PUNCT;;;
27152;;;;;;;;;;;;;;;;;
27153;# sent = 1992;;;;;;;;;;;;;;;;
27154;;Мы;МЫ;SPRO pl 1p - nom;;;. _Мы_ открываем , как только;ы;м;;;;;SPRO;МЫ;SPRO pl 1p - nom;Ы
27155;;открываем;ОТКРЫВАТЬ;V ipf praes pl indic - 1p;;;Мы _открываем_ , как только поворачивается;м;е;а;в;ы;р;V;ОТКРЫВАТЬ;V ipf praes pl indic - 1p;Ь
27156;;,;,;PUNCT;;;;;;;;;;PUNCT;;;
27157;;как только;как только;CONJ;;;Мы открываем , _как только_ поворачивается ключ ,;о;к;ь;л;о;т;CONJ;как только;CONJ;о
27158;;поворачивается;ПОВЕРТЫВАТЬСЯ;V ipf praes sg indic - 3p;;;открываем , как только _поворачивается_ ключ , выключается;я;с;т;е;а;в;V;ПОВЕРТЫВАТЬСЯ;V ipf praes sg indic - 3p;Я
27159;;ключ;КЛЮЧ;S m inan acc sg;;;, как только поворачивается _ключ_ , выключается напрочь;ч;ю;л;к;;;S;КЛЮЧ;S m inan acc sg;Ч
27160;;,;,;PUNCT;;;;;;;;;;PUNCT;;;
27161;;выключается;ВЫКЛЮЧАТЬСЯ;V ipf praes sg indic - 3p;;;поворачивается ключ , _выключается_ напрочь свет ,;я;с;т;е;а;ч;V;ВЫКЛЮЧАТЬСЯ;V ipf praes sg indic - 3p;Я
27162;;напрочь;НАПРОЧЬ;ADV -;;;ключ , выключается _напрочь_ свет , ничего;ь;ч;о;р;п;а;ADV;НАПРОЧЬ;ADV -;Ь
27163;;свет;СВЕТ;S m inan nom sg;;;, выключается напрочь _свет_ , ничего не;т;е;в;с;;;S;СВЕТ;S m inan nom sg;Т
27164;;,;,;PUNCT;;;;;;;;;;PUNCT;;;
27165;;ничего;НИЧТО;SPRO n inan gen sg;;;напрочь свет , _ничего_ не видно ,;о;г;е;ч;и;н;SPRO;НИЧТО;S n - gen sg;О
27166;;не;НЕ;PART;;;свет , ничего _не_ видно , вот;е;н;;;;;PART;НЕ;PART;Е
27167;;видно;ВИДНО;ADV -;;;, ничего не _видно_ , вот вообще;о;н;д;и;в;;ADV;ВИДНО;ADV -;О
27168;;,;,;PUNCT;;;;;;;;;;PUNCT;;;
27169;;вот;ВОТ;PART;;;не видно , _вот_ вообще ничего ,;т;о;в;;;;PART;ВОТ;PART;Т
27170;;вообще;ВООБЩЕ;ADV -;;;видно , вот _вообще_ ничего , ты;е;щ;б;о;о;в;ADV;ВООБЩЕ;ADV -;Е
27171;;ничего;НИЧТО;SPRO n inan gen sg;;;, вот вообще _ничего_ , ты даже;о;г;е;ч;и;н;SPRO;НИЧТО;S n - gen sg;О
27172;;,;,;PUNCT;;;;;;;;;;PUNCT;;;
27173;;ты;ТЫ;SPRO sg 2p - nom;;;вообще ничего , _ты_ даже не видишь;ы;т;;;;;SPRO;ТЫ;SPRO sg 2p - nom;Ы
27174;;даже;ДАЖЕ;PART;;;ничего , ты _даже_ не видишь с;е;ж;а;д;;;PART;ДАЖЕ;PART;Е
27175;;не;НЕ;PART;;;, ты даже _не_ видишь с …;е;н;;;;;PART;НЕ;PART;Е
27176;;видишь;ВИДЕТЬ;V ipf praes sg indic - 2p;;;ты даже не _видишь_ с … какие-то;ь;ш;и;д;и;в;V;ВИДЕТЬ;V ipf praes sg indic - 2p;Ь
27177;;с;С;PR;;;даже не видишь _с_ … какие-то очертания;с;;;;;;PR;С;PR;С
27178;;…;…;PUNCT;;;;;;;;;;PUNCT;;;
27179;;какие-то;КАКОЙ-ТО;APRO - nom pl plen - -;;;видишь с … _какие-то_ очертания , ничего;о;т;-;е;и;к;APRO;КАКОЙ-ТО;A - nom pl plen - -;О
27180;;очертания;ОЧЕРТАНИЕ;S n inan nom pl;;;с … какие-то _очертания_ , ничего не;я;и;н;а;т;р;S;ОЧЕРТАНИЕ;S n inan nom pl;Е
27181;;,;,;PUNCT;;;;;;;;;;PUNCT;;;
27182;;ничего;НИЧТО;SPRO n inan gen sg;;;какие-то очертания , _ничего_ не видно ,;о;г;е;ч;и;н;SPRO;НИЧТО;S n - gen sg;О
27183;;не;НЕ;PART;;;очертания , ничего _не_ видно , всё;е;н;;;;;PART;НЕ;PART;Е
27184;;видно;ВИДНО;ADV -;;;, ничего не _видно_ , всё закрывается;о;н;д;и;в;;ADV;ВИДНО;ADV -;О
27185;;,;,;PUNCT;;;;;;;;;;PUNCT;;;
27186;;всё;ВСЕ;ADV -;;;не видно , _всё_ закрывается .;ё;с;в;;;;ADV;ВСЕ;ADV -;Е
27187;;закрывается;ЗАКРЫВАТЬСЯ;V ipf praes sg indic - 3p;;;видно , всё _закрывается_ .;я;с;т;е;а;в;V;ЗАКРЫВАТЬСЯ;V ipf praes sg indic - 3p;Я
27188;;.;.;PUNCT;;;;;;;;;;PUNCT;;;
27189;;;;;;;;;;;;;;;;;
27190;# sent = 1993;;;;;;;;;;;;;;;;
27191;;Становится;СТАНОВИТЬСЯ;V ipf praes sg indic - 3p;;;. _Становится_ дико страшно ,;я;с;т;и;в;о;V;СТАНОВИТЬСЯ;V ipf praes sg indic - 3p;Я
27192;;дико;ДИКО;ADV -;;;Становится _дико_ страшно , все;о;к;и;д;;;ADV;ДИКО;ADV -;О
27193;;страшно;СТРАШНО;ADV -;;;Становится дико _страшно_ , все кричат;о;н;ш;а;р;т;ADV;СТРАШНО;ADV -;О
27194;;,;,;PUNCT;;;;;;;;;;PUNCT;;;
27195;;все;ВСЕ;S - - nom pl;;;дико страшно , _все_ кричат , и;е;с;в;;;;S;ВСЕ;S - - nom pl;Е
27196;;кричат;КРИЧАТЬ;V ipf praes pl indic - 3p;;;страшно , все _кричат_ , и ещё;т;а;ч;и;р;к;V;КРИЧАТЬ;V ipf praes pl indic - 3p;Ь
27197;;,;,;PUNCT;;;;;;;;;;PUNCT;;;
27198;;и;И;CONJ;;;все кричат , _и_ ещё становится страшнее;и;;;;;;CONJ;И;CONJ;И
27199;;ещё;ЕЩЕ;ADV -;;;кричат , и _ещё_ становится страшнее ,;ё;щ;е;;;;ADV;ЕЩЕ;ADV -;Е
27200;;становится;СТАНОВИТЬСЯ;V ipf praes sg indic - 3p;;;, и ещё _становится_ страшнее , оттого что;я;с;т;и;в;о;V;СТАНОВИТЬСЯ;V ipf praes sg indic - 3p;Я
27201;;страшнее;СТРАШНЫЙ;A comp - - plen - -;;;и ещё становится _страшнее_ , оттого что все;е;е;н;ш;а;р;A;СТРАШНЫЙ;A comp - - plen - -;Й
27202;;,;,;PUNCT;;;;;;;;;;PUNCT;;;
27203;;оттого что;оттого что;CONJ;;;становится страшнее , _оттого что_ все кричат .;о;т;ч;;о;г;CONJ;оттого что;CONJ;о
27204;;все;ВСЕ;S - - acc pl;;;страшнее , оттого что _все_ кричат .;е;с;в;;;;S;ВСЕ;S - - acc pl;Е
27205;;кричат;КРИЧАТЬ;V ipf praes pl indic - 3p;;;, оттого что все _кричат_ .;т;а;ч;и;р;к;V;КРИЧАТЬ;V ipf praes pl indic - 3p;Ь
27206;;.;.;PUNCT;;;;;;;;;;PUNCT;;;
27207;;;;;;;;;;;;;;;;;
27208;# sent = 1994;;;;;;;;;;;;;;;;
27209;;И;И;CONJ;;;. _И_ мы не понимаем;и;;;;;;CONJ;И;CONJ;И
27210;;мы;МЫ;SPRO pl 1p - nom;;;И _мы_ не понимаем ,;ы;м;;;;;SPRO;МЫ;SPRO pl 1p - nom;Ы
27211;;не;НЕ;PART;;;И мы _не_ понимаем , что;е;н;;;;;PART;НЕ;PART;Е
27212;;понимаем;ПОНИМАТЬ;V ipf praes pl indic - 1p;;;И мы не _понимаем_ , что делать;м;е;а;м;и;н;V;ПОНИМАТЬ;V ipf praes pl indic - 1p;Ь
27213;;,;,;PUNCT;;;;;;;;;;PUNCT;;;
27214;;что;ЧТО;CONJ;;;не понимаем , _что_ делать .;о;т;ч;;;;CONJ;ЧТО;CONJ;О
27215;;делать;ДЕЛАТЬ;V ipf - - inf - -;;;понимаем , что _делать_ .;ь;т;а;л;е;д;V;ДЕЛАТЬ;V ipf - - inf - -;Ь
27216;;.;.;PUNCT;;;;;;;;;;PUNCT;;;
27217;;;;;;;;;;;;;;;;;
27218;# sent = 1995;;;;;;;;;;;;;;;;
27219;# speaker = Надя;;;;;;;;;;;;;;;;
27220;# sent = 1996;;;;;;;;;;;;;;;;
27221;;В;В;PR;;;_В_ итоге открывается эта;в;;;;;;PR;В;PR;В
27222;;итоге;ИТОГ;S m inan loc sg;;;В _итоге_ открывается эта …;е;г;о;т;и;;S;ИТОГ;S m inan loc sg;Г
27223;;открывается;ОТКРЫВАТЬСЯ;V ipf praes sg indic - 3p;;;В итоге _открывается_ эта … этот;я;с;т;е;а;в;V;ОТКРЫВАТЬСЯ;V ipf praes sg indic - 3p;Я
27224;;эта;ЭТОТ;APRO - nom sg plen f -;;;В итоге открывается _эта_ … этот шкафчик;а;т;э;;;;APRO;ЭТОТ;A - nom sg plen f -;Т
27225;;…;…;PUNCT;;;;;;;;;;PUNCT;;;
27226;;этот;ЭТОТ;APRO - nom sg plen m -;;;открывается эта … _этот_ шкафчик .;т;о;т;э;;;APRO;ЭТОТ;A - nom sg plen m -;Т
27227;;шкафчик;ШКАФЧИК;S m inan nom sg;;;эта … этот _шкафчик_ .;к;и;ч;ф;а;к;S;ШКАФЧИК;S m inan nom sg;К
27228;;.;.;PUNCT;;;;;;;;;;PUNCT;;;
27229;;;;;;;;;;;;;;;;;
27230;# sent = 1997;;;;;;;;;;;;;;;;
27231;;Оказалось;ОКАЗАТЬСЯ;V pf praet sg indic n -;;;. _Оказалось_ , что под;ь;с;о;л;а;з;V;ОКАЗАТЬСЯ;V pf praet sg indic n -;Я
27232;;,;,;PUNCT;;;;;;;;;;PUNCT;;;
27233;;что;ЧТО;CONJ;;;Оказалось , _что_ под шкафчиком есть;о;т;ч;;;;CONJ;ЧТО;CONJ;О
27234;;под;ПОД;PR;;;Оказалось , что _под_ шкафчиком есть …;д;о;п;;;;PR;ПОД;PR;Д
27235;;шкафчиком;ШКАФЧИК;S m inan ins sg;;;, что под _шкафчиком_ есть … кто-то;м;о;к;и;ч;ф;S;ШКАФЧИК;S f inan loc sg;К
27236;;есть;БЫТЬ;V ipf praes sg indic - 3p;;;что под шкафчиком _есть_ … кто-то там;ь;т;с;е;;;V;БЫТЬ;V ipf praes sg indic - 3p;Ь
27237;;…;…;PUNCT;;;;;;;;;;PUNCT;;;
27238;;кто-то;КТО-ТО;SPRO m - nom sg;;;шкафчиком есть … _кто-то_ там нащупывает отверстие;о;т;-;о;т;к;S;КТО-ТО;S m - nom sg;О
27239;;там;ТАМ;ADV -;;;есть … кто-то _там_ нащупывает отверстие ,;м;а;т;;;;ADV;ТАМ;ADV -;М
27240;;нащупывает;НАЩУПЫВАТЬ;V ipf praes sg indic - 3p;;;… кто-то там _нащупывает_ отверстие , кому-то;т;е;а;в;ы;п;V;НАЩУПЫВАТЬ;V ipf praes sg indic - 3p;Ь
27241;;отверстие;ОТВЕРСТИЕ;S n inan acc sg;;;кто-то там нащупывает _отверстие_ , кому-то приходит;е;и;т;с;р;е;S;ОТВЕРСТИЕ;S n inan acc sg;Е
27242;;,;,;PUNCT;;;;;;;;;;PUNCT;;;
27243;;кому-то;КТО-ТО;SPRO m - dat sg;;;нащупывает отверстие , _кому-то_ приходит в голову;о;т;-;у;м;о;S;КТО-ТО;S m - dat sg;О
27244;;приходит;ПРИХОДИТЬ;V ipf praes sg indic - 3p;;;отверстие , кому-то _приходит_ в голову пойти;т;и;д;о;х;и;V;ПРИХОДИТЬ;V ipf praes sg indic - 3p;Ь
27245;;в;В;PR;;;, кому-то приходит _в_ голову пойти в;в;;;;;;PR;В;PR;В
27246;;голову;ГОЛОВА;S f inan acc sg;;;кому-то приходит в _голову_ пойти в это;у;в;о;л;о;г;S;ГОЛОВА;S f inan acc sg;А
27247;;пойти;ПОЙТИ;V pf - - inf - -;;;приходит в голову _пойти_ в это отверстие;и;т;й;о;п;;V;ПОЙТИ;V pf - - inf - -;И
27248;;в;В;PR;;;в голову пойти _в_ это отверстие ,;в;;;;;;PR;В;PR;В
27249;;это;ЭТОТ;APRO - acc sg plen n -;;;голову пойти в _это_ отверстие , хотя;о;т;э;;;;APRO;ЭТОТ;A - acc sg plen n inan;Т
27250;;отверстие;ОТВЕРСТИЕ;S n inan acc sg;;;пойти в это _отверстие_ , хотя мне;е;и;т;с;р;е;S;ОТВЕРСТИЕ;S n inan acc sg;Е
27251;;,;,;PUNCT;;;;;;;;;;PUNCT;;;
27252;;хотя;ХОТЯ;CONJ;;;это отверстие , _хотя_ мне казалось ,;я;т;о;х;;;CONJ;ХОТЯ;CONJ;Я
27253;;мне;Я;SPRO sg 1p - dat;;;отверстие , хотя _мне_ казалось , что;е;н;м;;;;SPRO;Я;SPRO sg 1p - dat;Я
27254;;казалось;КАЗАТЬСЯ;V ipf praet sg indic n -;;;, хотя мне _казалось_ , что это;ь;с;о;л;а;з;V;КАЗАТЬСЯ;V ipf praet sg indic n -;Я
27255;;,;,;PUNCT;;;;;;;;;;PUNCT;;;
27256;;что;ЧТО;CONJ;;;мне казалось , _что_ это очень плохая;о;т;ч;;;;CONJ;ЧТО;CONJ;О
27257;;это;ЭТО;SPRO n - nom sg;;;казалось , что _это_ очень плохая идея;о;т;э;;;;SPRO;ЭТО;S n - nom sg;О
27258;;очень;ОЧЕНЬ;ADV -;;;, что это _очень_ плохая идея;ь;н;е;ч;о;;ADV;ОЧЕНЬ;ADV -;Ь
27259;;плохая;ПЛОХОЙ;A - nom sg plen f -;;;что это очень _плохая_ идея смеётся;я;а;х;о;л;п;A;ПЛОХОЙ;A - nom sg plen f -;Й
27260;;идея;ИДЕЯ;S f inan nom sg;;;это очень плохая _идея_ смеётся;я;е;д;и;;;S;ИДЕЯ;S f inan nom sg;Я
27261;"<span class=""note"">";;;;;;;;;;;;;;;;
27262;<note>;смеётся;;;;;;;;;;;;;;;
27263;</span>;;;;;;;;;;;;;;;;
27264;;-;-;PUNCT;;;;;;;;;;PUNCT;;;
27265;;идти;ИДТИ;V ipf - - inf - -;;;смеётся - _идти_ в темень в;и;т;д;и;;;V;ИДТИ;V ipf - - inf - -;И
27266;;в;В;PR;;;- идти _в_ темень в какое-то;в;;;;;;PR;В;PR;В
27267;;темень;ТЕМЕНЬ;S f inan acc sg;;;- идти в _темень_ в какое-то отверстие;ь;н;е;м;е;т;S;ТЕМЕНЬ;S f inan acc sg;Ь
27268;;в;В;PR;;;идти в темень _в_ какое-то отверстие .;в;;;;;;PR;В;PR;В
27269;;какое-то;КАКОЙ-ТО;APRO - acc sg plen n inan;;;в темень в _какое-то_ отверстие .;о;т;-;е;о;к;APRO;КАКОЙ-ТО;A - acc sg plen n inan;О
27270;;отверстие;ОТВЕРСТИЕ;S n inan acc sg;;;темень в какое-то _отверстие_ .;е;и;т;с;р;е;S;ОТВЕРСТИЕ;S n inan acc sg;Е
27271;;.;.;PUNCT;;;;;;;;;;PUNCT;;;
27272;;;;;;;;;;;;;;;;;
27273;# sent = 1998;;;;;;;;;;;;;;;;
27274;;В;В;PR;;;. _В_ итоге кто-то туда;в;;;;;;PR;В;PR;В
27275;;итоге;ИТОГ;S m inan loc sg;;;В _итоге_ кто-то туда наступил;е;г;о;т;и;;S;ИТОГ;S m inan loc sg;Г
27276;;кто-то;КТО-ТО;SPRO m - nom sg;;;В итоге _кто-то_ туда наступил ,;о;т;-;о;т;к;S;КТО-ТО;S m - nom sg;О
27277;;туда;ТУДА;ADV -;;;В итоге кто-то _туда_ наступил , и;а;д;у;т;;;ADV;ТУДА;ADV -;А
27278;;наступил;НАСТУПИТЬ;V pf praet sg indic m -;;;итоге кто-то туда _наступил_ , и резко;л;и;п;у;т;с;V;НАСТУПИТЬ;V pf praet sg indic m -;Ь
27279;;,;,;PUNCT;;;;;;;;;;PUNCT;;;
27280;;и;И;CONJ;;;туда наступил , _и_ резко поката …;и;;;;;;CONJ;И;CONJ;И
27281;;резко;РЕЗКО;ADV -;;;наступил , и _резко_ поката … покатился;о;к;з;е;р;;ADV;РЕЗКО;ADV -;О
27282;;поката;ПОКАТ;S m inan gen sg;;;, и резко _поката_ … покатился вниз;а;т;а;к;о;п;S;ПОКАТ;S m inan gen sg;Т
27283;;…;…;PUNCT;;;;;;;;;;PUNCT;;;
27284;;покатился;ПОКАТИТЬСЯ;V pf praet sg indic m -;;;резко поката … _покатился_ вниз , и;я;с;л;и;т;а;V;ПОКАТИТЬСЯ;V pf praet sg indic m -;Я
27285;;вниз;ВНИЗ;ADV -;;;поката … покатился _вниз_ , и естественно;з;и;н;в;;;ADV;ВНИЗ;ADV -;З
27286;;,;,;PUNCT;;;;;;;;;;PUNCT;;;
27287;;и;И;CONJ;;;покатился вниз , _и_ естественно заорал от;и;;;;;;CONJ;И;CONJ;И
27288;;естественно;ЕСТЕСТВЕННО;ADV -;;;вниз , и _естественно_ заорал от испуга;о;н;н;е;в;т;ADV;ЕСТЕСТВЕННО;ADV -;О
27289;;заорал;ЗАОРАТЬ;V pf praet sg indic m -;;;, и естественно _заорал_ от испуга .;л;а;р;о;а;з;V;ЗАОРАТЬ;V pf praet sg indic m -;Ь
27290;;от;ОТ;PR;;;и естественно заорал _от_ испуга .;т;о;;;;;PR;ОТ;PR;Т
27291;;испуга;ИСПУГ;S m inan gen sg;;;естественно заорал от _испуга_ .;а;г;у;п;с;и;S;ИСПУГ;S m inan gen sg;Г
27292;;.;.;PUNCT;;;;;;;;;;PUNCT;;;
27293;;;;;;;;;;;;;;;;;
27294;# sent = 1999;;;;;;;;;;;;;;;;
27295;;Ну;НУ;PART;;;. _Ну_ , и нам;у;н;;;;;PART;НУ;PART;У
27296;;,;,;PUNCT;;;;;;;;;;PUNCT;;;
27297;;и;И;CONJ;;;Ну , _и_ нам ничего не;и;;;;;;CONJ;И;CONJ;И
27298;;нам;МЫ;SPRO pl 1p - dat;;;Ну , и _нам_ ничего не остаётся;м;а;н;;;;SPRO;МЫ;SPRO pl 1p - dat;Ы
27299;;ничего;НИЧТО;SPRO n inan gen sg;;;, и нам _ничего_ не остаётся делать;о;г;е;ч;и;н;SPRO;НИЧТО;S n - gen sg;О
27300;;не;НЕ;PART;;;и нам ничего _не_ остаётся делать ,;е;н;;;;;PART;НЕ;PART;Е
27301;;остаётся;ОСТАВАТЬСЯ;V ipf praes sg indic - 3p;;;нам ничего не _остаётся_ делать , как;я;с;т;ё;а;т;V;ОСТАВАТЬСЯ;V ipf praes sg indic - 3p;Я
27302;;делать;ДЕЛАТЬ;V ipf - - inf - -;;;ничего не остаётся _делать_ , как прыгать;ь;т;а;л;е;д;V;ДЕЛАТЬ;V ipf - - inf - -;Ь
27303;;,;,;PUNCT;;;;;;;;;;PUNCT;;;
27304;;как;КАК;CONJ;;;остаётся делать , _как_ прыгать за ним;к;а;к;;;;CONJ;КАК;CONJ;К
27305;;прыгать;ПРЫГАТЬ;V ipf - - inf - -;;;делать , как _прыгать_ за ним в;ь;т;а;г;ы;р;V;ПРЫГАТЬ;V ipf - - inf - -;Ь
27306;;за;ЗА;PR;;;, как прыгать _за_ ним в эту;а;з;;;;;PR;ЗА;PR;А
27307;;ним;ОН;SPRO sg 3p m ins;;;как прыгать за _ним_ в эту неизвестность;м;и;н;;;;SPRO;ОН;SPRO sg 3p m ins;Н
27308;;в;В;PR;;;прыгать за ним _в_ эту неизвестность ,;в;;;;;;PR;В;PR;В
27309;;эту;ЭТОТ;APRO - acc sg plen f -;;;за ним в _эту_ неизвестность , в;у;т;э;;;;APRO;ЭТОТ;A - acc sg plen f -;Т
27310;;неизвестность;НЕИЗВЕСТНОСТЬ;S f inan acc sg;;;ним в эту _неизвестность_ , в эту;ь;т;с;о;н;т;S;НЕИЗВЕСТНОСТЬ;S f inan acc sg;Ь
27311;;,;,;PUNCT;;;;;;;;;;PUNCT;;;
27312;;в;В;PR;;;эту неизвестность , _в_ эту трубу;в;;;;;;PR;В;PR;В
27313;;эту;ЭТОТ;APRO - acc sg plen f -;;;неизвестность , в _эту_ трубу усмехается;у;т;э;;;;APRO;ЭТОТ;A - acc sg plen f -;Т
27314;;трубу;ТРУБА;S f inan acc sg;;;, в эту _трубу_ усмехается;у;б;у;р;т;;S;ТРУБА;S f inan acc sg;А
27315;"<span class=""note"">";;;;;;;;;;;;;;;;
27316;<note>;усмехается;;;;;;;;;;;;;;;
27317;</span>;;;;;;;;;;;;;;;;
27318;;тёмную;ТЕМНЫЙ;A - acc sg plen f -;;;усмехается _тёмную_ .;ю;у;н;м;ё;т;A;ТЕМНЫЙ;A - acc sg plen f -;Й
27319;;.;.;PUNCT;;;;;;;;;;PUNCT;;;
27320;;;;;;;;;;;;;;;;;
27321;# sent = 2000;;;;;;;;;;;;;;;;
27322;# speaker = Надя;;;;;;;;;;;;;;;;
27323;# sent = 2001;;;;;;;;;;;;;;;;
27324;;Мы;МЫ;SPRO pl 1p - nom;;;_Мы_ скатились по трубе;ы;м;;;;;SPRO;МЫ;SPRO pl 1p - nom;Ы
27325;;скатились;СКАТИТЬСЯ;V pf praet pl indic - -;;;Мы _скатились_ по трубе ,;ь;с;и;л;и;т;V;СКАТИТЬСЯ;V pf praet pl indic - -;Я
27326;;по;ПО;PR;;;Мы скатились _по_ трубе , и;о;п;;;;;PR;ПО;PR;О
27327;;трубе;ТРУБА;S f inan loc sg;;;Мы скатились по _трубе_ , и там;е;б;у;р;т;;S;ТРУБА;S f inan loc sg;А
27328;;,;,;PUNCT;;;;;;;;;;PUNCT;;;
27329;;и;И;CONJ;;;по трубе , _и_ там оказалось очень;и;;;;;;CONJ;И;CONJ;И
27330;;там;ТАМ;ADV -;;;трубе , и _там_ оказалось очень темно;м;а;т;;;;ADV;ТАМ;ADV -;М
27331;;оказалось;ОКАЗАТЬСЯ;V pf praet sg indic n -;;;, и там _оказалось_ очень темно ,;ь;с;о;л;а;з;V;ОКАЗАТЬСЯ;V pf praet sg indic n -;Я
27332;;очень;ОЧЕНЬ;ADV -;;;и там оказалось _очень_ темно , резко;ь;н;е;ч;о;;ADV;ОЧЕНЬ;ADV -;Ь
27333;;темно;ТЕМНО;ADV -;;;там оказалось очень _темно_ , резко включался;о;н;м;е;т;;ADV;ТЕМНО;ADV -;О
27334;;,;,;PUNCT;;;;;;;;;;PUNCT;;;
27335;;резко;РЕЗКО;ADV -;;;очень темно , _резко_ включался - выключался;о;к;з;е;р;;ADV;РЕЗКО;ADV -;О
27336;;включался;ВКЛЮЧАТЬСЯ;V ipf praet sg indic m -;;;темно , резко _включался_ - выключался свет;я;с;л;а;ч;ю;V;ВКЛЮЧАТЬСЯ;V ipf praet sg indic m -;Я
27337;;-;-;PUNCT;;;;;;;;;;PUNCT;;;
27338;;выключался;ВЫКЛЮЧАТЬСЯ;V ipf praet sg indic m -;;;резко включался - _выключался_ свет , и;я;с;л;а;ч;ю;V;ВЫКЛЮЧАТЬСЯ;V ipf praet sg indic m -;Я
27339;;свет;СВЕТ;S m inan nom sg;;;включался - выключался _свет_ , и там;т;е;в;с;;;S;СВЕТ;S m inan nom sg;Т
27340;;,;,;PUNCT;;;;;;;;;;PUNCT;;;
27341;;и;И;CONJ;;;выключался свет , _и_ там такая клетка;и;;;;;;CONJ;И;CONJ;И
27342;;там;ТАМ;ADV -;;;свет , и _там_ такая клетка .;м;а;т;;;;ADV;ТАМ;ADV -;М
27343;;такая;ТАКОЙ;APRO - nom sg plen f -;;;, и там _такая_ клетка .;я;а;к;а;т;;APRO;ТАКОЙ;A - nom sg plen f -;Й
27344;;клетка;КЛЕТКА;S f inan nom sg;;;и там такая _клетка_ .;а;к;т;е;л;к;S;КЛЕТКА;S f inan nom sg;А
27345;;.;.;PUNCT;;;;;;;;;;PUNCT;;;
27346;;;;;;;;;;;;;;;;;
27347;# sent = 2002;;;;;;;;;;;;;;;;
27348;;Из;ИЗ;PR;;;. _Из_ клетки видно …;з;и;;;;;PR;ИЗ;PR;З
27349;;клетки;КЛЕТКА;S f inan gen sg;;;Из _клетки_ видно … видны;и;к;т;е;л;к;S;КЛЕТКА;S f inan gen sg;А
27350;;видно;ВИДНО;ADV -;;;Из клетки _видно_ … видны очертания;о;н;д;и;в;;ADV;ВИДНО;ADV -;О
27351;;…;…;PUNCT;;;;;;;;;;PUNCT;;;
27352;;видны;ВИДНЫЙ;A - - pl brev - -;;;клетки видно … _видны_ очертания какого-то человека;ы;н;д;и;в;;A;ВИДНЫЙ;A - - pl brev - -;Й
27353;;очертания;ОЧЕРТАНИЕ;S n inan acc pl;;;видно … видны _очертания_ какого-то человека ,;я;и;н;а;т;р;S;ОЧЕРТАНИЕ;S n inan acc pl;Е
27354;;какого-то;КАКОЙ-ТО;APRO - gen sg plen m -;;;… видны очертания _какого-то_ человека , потом;о;т;-;о;г;о;APRO;КАКОЙ-ТО;A - gen sg plen m -;О
27355;;человека;ЧЕЛОВЕК;S m anim gen sg;;;видны очертания какого-то _человека_ , потом он;а;к;е;в;о;л;S;ЧЕЛОВЕК;S m anim gen sg;К
27356;;,;,;PUNCT;;;;;;;;;;PUNCT;;;
27357;;потом;ПОТОМ;ADV -;;;какого-то человека , _потом_ он резко подбегает;м;о;т;о;п;;ADV;ПОТОМ;ADV -;М
27358;;он;ОН;SPRO sg 3p m nom;;;человека , потом _он_ резко подбегает ,;н;о;;;;;SPRO;ОН;SPRO sg 3p m nom;Н
27359;;резко;РЕЗКО;ADV -;;;, потом он _резко_ подбегает , это;о;к;з;е;р;;ADV;РЕЗКО;ADV -;О
27360;;подбегает;ПОДБЕГАТЬ;V ipf praes sg indic - 3p;;;потом он резко _подбегает_ , это оказывается;т;е;а;г;е;б;V;ПОДБЕГАТЬ;V ipf praes sg indic - 3p;Ь
27361;;,;,;PUNCT;;;;;;;;;;PUNCT;;;
27362;;это;ЭТО;SPRO n - nom sg;;;резко подбегает , _это_ оказывается человек в;о;т;э;;;;SPRO;ЭТО;S n - nom sg;О
27363;;оказывается;ОКАЗЫВАТЬСЯ;V ipf praes sg indic - 3p;;;подбегает , это _оказывается_ человек в халате;я;с;т;е;а;в;V;ОКАЗЫВАТЬСЯ;V ipf praes sg indic - 3p;Я
27364;;человек;ЧЕЛОВЕК;S m anim nom sg;;;, это оказывается _человек_ в халате доктора;к;е;в;о;л;е;S;ЧЕЛОВЕК;S m anim nom sg;К
27365;;в;В;PR;;;это оказывается человек _в_ халате доктора и;в;;;;;;PR;В;PR;В
27366;;халате;ХАЛАТ;S m inan loc sg;;;оказывается человек в _халате_ доктора и в;е;т;а;л;а;х;S;ХАЛАТ;S m inan loc sg;Т
27367;;доктора;ДОКТОР;S m anim gen sg;;;человек в халате _доктора_ и в маске;а;р;о;т;к;о;S;ДОКТОР;S m anim gen sg;Р
27368;;и;И;CONJ;;;в халате доктора _и_ в маске такой;и;;;;;;CONJ;И;CONJ;И
27369;;в;В;PR;;;халате доктора и _в_ маске такой железной;в;;;;;;PR;В;PR;В
27370;;маске;МАСКА;S f inan loc sg;;;доктора и в _маске_ такой железной ,;е;к;с;а;м;;S;МАСКА;S f inan loc sg;А
27371;;такой;ТАКОЙ;APRO - gen sg plen f -;;;и в маске _такой_ железной , ещё;й;о;к;а;т;;APRO;ТАКОЙ;A - gen sg plen f -;Й
27372;;железной;ЖЕЛЕЗНЫЙ;A - gen sg plen f -;;;в маске такой _железной_ , ещё здесь;й;о;н;з;е;л;A;ЖЕЛЕЗНЫЙ;A - gen sg plen f -;Й
27373;;,;,;PUNCT;;;;;;;;;;PUNCT;;;
27374;;ещё;ЕЩЕ;ADV -;;;такой железной , _ещё_ здесь рубцы такие;ё;щ;е;;;;ADV;ЕЩЕ;ADV -;Е
27375;;здесь;ЗДЕСЬ;ADV -;;;железной , ещё _здесь_ рубцы такие .;ь;с;е;д;з;;ADV;ЗДЕСЬ;ADV -;Ь
27376;;рубцы;РУБЕЦ;S m inan nom pl;;;, ещё здесь _рубцы_ такие .;ы;ц;б;у;р;;S;РУБЕЦ;S m inan nom pl;Ц
27377;;такие;ТАКОЙ;APRO - acc pl plen - inan;;;ещё здесь рубцы _такие_ .;е;и;к;а;т;;APRO;ТАКОЙ;A - acc pl plen - inan;Й
27378;;.;.;PUNCT;;;;;;;;;;PUNCT;;;
27379;;;;;;;;;;;;;;;;;
27380;# sent = 2003;;;;;;;;;;;;;;;;
27381;;И;И;CONJ;;;. _И_ начинает из клетки;и;;;;;;CONJ;И;CONJ;И
27382;;начинает;НАЧИНАТЬ;V ipf praes sg indic - 3p;;;И _начинает_ из клетки хватать;т;е;а;н;и;ч;V;НАЧИНАТЬ;V ipf praes sg indic - 3p;Ь
27383;;из;ИЗ;PR;;;И начинает _из_ клетки хватать каждого;з;и;;;;;PR;ИЗ;PR;З
27384;;клетки;КЛЕТКА;S f inan gen sg;;;И начинает из _клетки_ хватать каждого ,;и;к;т;е;л;к;S;КЛЕТКА;S f inan gen sg;А
27385;;хватать;ХВАТАТЬ;V ipf - - inf - -;;;начинает из клетки _хватать_ каждого , кидаться;ь;т;а;т;а;в;V;ХВАТАТЬ;V ipf - - inf - -;Ь
27386;;каждого;КАЖДЫЙ;APRO - acc sg plen m anim;;;из клетки хватать _каждого_ , кидаться чем-то;о;г;о;д;ж;а;APRO;КАЖДЫЙ;A - acc sg plen m anim;Й
27387;;,;,;PUNCT;;;;;;;;;;PUNCT;;;
27388;;кидаться;КИДАТЬСЯ;V ipf - - inf - -;;;хватать каждого , _кидаться_ чем-то , естественно;я;с;ь;т;а;д;V;КИДАТЬСЯ;V ipf - - inf - -;Я
27389;;чем-то;ЧТО-ТО;SPRO n inan ins sg;;;каждого , кидаться _чем-то_ , естественно ор;о;т;-;м;е;ч;SPRO;ЧТО-ТО;S n - ins sg;О
27390;;,;,;PUNCT;;;;;;;;;;PUNCT;;;
27391;;естественно;ЕСТЕСТВЕННО;ADV -;;;кидаться чем-то , _естественно_ ор , ужас;о;н;н;е;в;т;ADV;ЕСТЕСТВЕННО;ADV -;О
27392;;ор;ОР;S m inan acc sg;;;чем-то , естественно _ор_ , ужас;р;о;;;;;S;ОР;S m inan acc sg;Р
27393;;,;,;PUNCT;;;;;;;;;;PUNCT;;;
27394;;ужас;УЖАС;S m inan nom sg;;;естественно ор , _ужас_ усмехается;с;а;ж;у;;;S;УЖАС;S m inan nom sg;С
27395;"<span class=""note"">";;;;;;;;;;;;;;;;
27396;<note>;усмехается;;;;;;;;;;;;;;;
27397;</span>;;;;;;;;;;;;;;;;
27398;;вообще;ВООБЩЕ;ADV -;;;усмехается _вообще_ какой-то , непонятно;е;щ;б;о;о;в;ADV;ВООБЩЕ;ADV -;Е
27399;;какой-то;КАКОЙ-ТО;APRO - nom sg plen m -;;;усмехается вообще _какой-то_ , непонятно ,;о;т;-;й;о;к;APRO;КАКОЙ-ТО;A - nom sg plen m -;О
27400;;,;,;PUNCT;;;;;;;;;;PUNCT;;;
27401;;непонятно;НЕПОНЯТНЫЙ;A - - sg brev n -;;;вообще какой-то , _непонятно_ , в итоге;о;н;т;я;н;о;A;НЕПОНЯТНЫЙ;A - - sg brev n -;Й
27402;;,;,;PUNCT;;;;;;;;;;PUNCT;;;
27403;;в;В;PR;;;, непонятно , _в_ итоге потом он;в;;;;;;PR;В;PR;В
27404;;итоге;ИТОГ;S m inan loc sg;;;непонятно , в _итоге_ потом он куда-то;е;г;о;т;и;;S;ИТОГ;S m inan loc sg;Г
27405;;потом;ПОТОМ;ADV -;;;, в итоге _потом_ он куда-то убежал;м;о;т;о;п;;ADV;ПОТОМ;ADV -;М
27406;;он;ОН;SPRO sg 3p m nom;;;в итоге потом _он_ куда-то убежал …;н;о;;;;;SPRO;ОН;SPRO sg 3p m nom;Н
27407;;куда-то;КУДА-ТО;ADV -;;;итоге потом он _куда-то_ убежал … там;о;т;-;а;д;у;ADV;КУДА-ТО;ADV -;О
27408;;убежал;УБЕЖАТЬ;V pf praet sg indic m -;;;потом он куда-то _убежал_ … там целая;л;а;ж;е;б;у;V;УБЕЖАТЬ;V pf praet sg indic m -;Ь
27409;;…;…;PUNCT;;;;;;;;;;PUNCT;;;
27410;;там;ТАМ;ADV -;;;куда-то убежал … _там_ целая Кунсткамера .;м;а;т;;;;ADV;ТАМ;ADV -;М
27411;;целая;ЦЕЛЫЙ;A - nom sg plen f -;;;убежал … там _целая_ Кунсткамера .;я;а;л;е;ц;;A;ЦЕЛЫЙ;A - nom sg plen f -;Й
27412;;Кунсткамера;КУНСТКАМЕРА;S f inan nom sg;;;… там целая _Кунсткамера_ .;а;р;е;м;а;к;S;КУНСТКАМЕРА;S f inan nom sg;А
27413;;.;.;PUNCT;;;;;;;;;;PUNCT;;;
27414;;;;;;;;;;;;;;;;;
27415;# sent = 2004;;;;;;;;;;;;;;;;
27416;;Мы;МЫ;SPRO pl 1p - nom;;;. _Мы_ заходим в эту;ы;м;;;;;SPRO;МЫ;SPRO pl 1p - nom;Ы
27417;;заходим;ЗАХОДИТЬ;V ipf praes pl indic - 1p;;;Мы _заходим_ в эту клетку;м;и;д;о;х;а;V;ЗАХОДИТЬ;V ipf praes pl indic - 1p;Ь
27418;;в;В;PR;;;Мы заходим _в_ эту клетку ,;в;;;;;;PR;В;PR;В
27419;;эту;ЭТОТ;APRO - acc sg plen f -;;;Мы заходим в _эту_ клетку , хотя;у;т;э;;;;APRO;ЭТОТ;A - acc sg plen f -;Т
27420;;клетку;КЛЕТКА;S f inan acc sg;;;заходим в эту _клетку_ , хотя мне;у;к;т;е;л;к;S;КЛЕТКА;S f inan acc sg;А
27421;;,;,;PUNCT;;;;;;;;;;PUNCT;;;
27422;;хотя;ХОТЯ;CONJ;;;эту клетку , _хотя_ мне тоже казалось;я;т;о;х;;;CONJ;ХОТЯ;CONJ;Я
27423;;мне;Я;SPRO sg 1p - dat;;;клетку , хотя _мне_ тоже казалось ,;е;н;м;;;;SPRO;Я;SPRO sg 1p - dat;Я
27424;;тоже;ТОЖЕ;PART;;;, хотя мне _тоже_ казалось , что;е;ж;о;т;;;PART;ТОЖЕ;PART;Е
27425;;казалось;КАЗАТЬСЯ;V ipf praet sg indic n -;;;хотя мне тоже _казалось_ , что зайти;ь;с;о;л;а;з;V;КАЗАТЬСЯ;V ipf praet sg indic n -;Я
27426;;,;,;PUNCT;;;;;;;;;;PUNCT;;;
27427;;что;ЧТО;CONJ;;;тоже казалось , _что_ зайти в клетку;о;т;ч;;;;CONJ;ЧТО;CONJ;О
27428;;зайти;ЗАЙТИ;V pf - - inf - -;;;казалось , что _зайти_ в клетку -;и;т;й;а;з;;V;ЗАЙТИ;V pf - - inf - -;И
27429;;в;В;PR;;;, что зайти _в_ клетку - это;в;;;;;;PR;В;PR;В
27430;;клетку;КЛЕТКА;S f inan acc sg;;;что зайти в _клетку_ - это плохая;у;к;т;е;л;к;S;КЛЕТКА;S f inan acc sg;А
27431;;-;-;PUNCT;;;;;;;;;;PUNCT;;;
27432;;это;ЭТО;SPRO n - nom sg;;;в клетку - _это_ плохая идея .;о;т;э;;;;SPRO;ЭТО;S n - nom sg;О
27433;;плохая;ПЛОХОЙ;A - nom sg plen f -;;;клетку - это _плохая_ идея .;я;а;х;о;л;п;A;ПЛОХОЙ;A - nom sg plen f -;Й
27434;;идея;ИДЕЯ;S f inan nom sg;;;- это плохая _идея_ .;я;е;д;и;;;S;ИДЕЯ;S f inan nom sg;Я
27435;;.;.;PUNCT;;;;;;;;;;PUNCT;;;
27436;;;;;;;;;;;;;;;;;
27437;# sent = 2005;;;;;;;;;;;;;;;;
27438;;Заходим;ЗАХОДИТЬ;V ipf praes pl indic - 1p;;;. _Заходим_ в клетку ,;м;и;д;о;х;а;V;ЗАХОДИТЬ;V ipf praes pl indic - 1p;Ь
27439;;в;В;PR;;;Заходим _в_ клетку , и;в;;;;;;PR;В;PR;В
27440;;клетку;КЛЕТКА;S f inan acc sg;;;Заходим в _клетку_ , и там;у;к;т;е;л;к;S;КЛЕТКА;S f inan acc sg;А
27441;;,;,;PUNCT;;;;;;;;;;PUNCT;;;
27442;;и;И;CONJ;;;в клетку , _и_ там вот эти;и;;;;;;CONJ;И;CONJ;И
27443;;там;ТАМ;ADV -;;;клетку , и _там_ вот эти всякие;м;а;т;;;;ADV;ТАМ;ADV -;М
27444;;вот;ВОТ;PART;;;, и там _вот_ эти всякие пакости;т;о;в;;;;PART;ВОТ;PART;Т
27445;;эти;ЭТОТ;APRO - nom pl plen - -;;;и там вот _эти_ всякие пакости :;и;т;э;;;;APRO;ЭТОТ;A - nom pl plen - -;Т
27446;;всякие;ВСЯКИЙ;A - nom pl plen - -;;;там вот эти _всякие_ пакости : какая-то;е;и;к;я;с;в;A;ВСЯКИЙ;A - nom pl plen - -;Й
27447;;пакости;ПАКОСТЬ;S f inan nom pl;;;вот эти всякие _пакости_ : какая-то жижа;и;т;с;о;к;а;S;ПАКОСТЬ;S f inan nom pl;Ь
27448;;:;:;PUNCT;;;;;;;;;;PUNCT;;;
27449;;какая-то;КАКОЙ-ТО;APRO - nom sg plen f -;;;всякие пакости : _какая-то_ жижа , какое-то;о;т;-;я;а;к;APRO;КАКОЙ-ТО;A - nom sg plen f -;О
27450;;жижа;ЖИЖА;S f inan nom sg;;;пакости : какая-то _жижа_ , какое-то желе;а;ж;и;ж;;;S;ЖИЖА;S f inan nom sg;А
27451;;,;,;PUNCT;;;;;;;;;;PUNCT;;;
27452;;какое-то;КАКОЙ-ТО;APRO - nom sg plen n -;;;какая-то жижа , _какое-то_ желе , куски;о;т;-;е;о;к;APRO;КАКОЙ-ТО;A - nom sg plen n -;О
27453;;желе;ЖЕЛЕ;S n inan nom sg;;;жижа , какое-то _желе_ , куски какого-то;е;л;е;ж;;;S;ЖЕЛЕ;S n inan nonflex -;Е
27454;;,;,;PUNCT;;;;;;;;;;PUNCT;;;
27455;;куски;КУСОК;S m inan acc pl;;;какое-то желе , _куски_ какого-то мяса ,;и;к;с;у;к;;S;КУСОК;S m inan acc pl;К
27456;;какого-то;КАКОЙ-ТО;APRO - gen sg plen m -;;;желе , куски _какого-то_ мяса , печени;о;т;-;о;г;о;APRO;КАКОЙ-ТО;A - gen sg plen m -;О
27457;;мяса;МЯСО;S n inan gen sg;;;, куски какого-то _мяса_ , печени ,;а;с;я;м;;;S;МЯСО;S n inan gen sg;О
27458;;,;,;PUNCT;;;;;;;;;;PUNCT;;;
27459;;печени;ПЕЧЕНЬ;S f inan gen sg;;;какого-то мяса , _печени_ , что-то там;и;н;е;ч;е;п;S;ПЕЧЕНЬ;S f inan gen sg;Ь
27460;;,;,;PUNCT;;;;;;;;;;PUNCT;;;
27461;;что-то;ЧТО-ТО;SPRO n inan nom sg;;;, печени , _что-то_ там , в;о;т;-;о;т;ч;SPRO;ЧТО-ТО;S n - nom sg;О
27462;;там;ТАМ;ADV -;;;печени , что-то _там_ , в общем;м;а;т;;;;ADV;ТАМ;ADV -;М
27463;;,;,;PUNCT;;;;;;;;;;PUNCT;;;
27464;;в;В;PR;;;что-то там , _в_ общем , что-то;в;;;;;;PR;В;PR;В
27465;;общем;ОБЩИЙ;A - loc sg plen m -;;;там , в _общем_ , что-то такое;м;е;щ;б;о;;A;ОБЩИЙ;A - loc sg plen m -;Й
27466;;,;,;PUNCT;;;;;;;;;;PUNCT;;;
27467;;что-то;ЧТО-ТО;SPRO n inan nom sg;;;в общем , _что-то_ такое противное …;о;т;-;о;т;ч;SPRO;ЧТО-ТО;S n - nom sg;О
27468;;такое;ТАКОЙ;APRO - nom sg plen n -;;;общем , что-то _такое_ противное …;е;о;к;а;т;;APRO;ТАКОЙ;A - nom sg plen n -;Й
27469;;противное;ПРОТИВНЫЙ;A - nom sg plen n -;;;, что-то такое _противное_ …;е;о;н;в;и;т;A;ПРОТИВНЫЙ;A - nom sg plen n -;Й
27470;;…;…;PUNCT;;;;;;;;;;PUNCT;;;
